"epoch","mobilenet_Task Activation Function_all relu_Monday_17_March_2025_01h_35m_50s - _step","mobilenet_Task Activation Function_all relu_Monday_17_March_2025_01h_35m_50s - _step__MIN","mobilenet_Task Activation Function_all relu_Monday_17_March_2025_01h_35m_50s - _step__MAX","mobilenet_Task Activation Function_all relu_Monday_17_March_2025_01h_35m_50s - Train/weight_norm","mobilenet_Task Activation Function_all relu_Monday_17_March_2025_01h_35m_50s - Train/weight_norm__MIN","mobilenet_Task Activation Function_all relu_Monday_17_March_2025_01h_35m_50s - Train/weight_norm__MAX","mobilenet_Task Activation Function_4,5,6,7,8,9,10_Monday_17_March_2025_01h_35m_47s - _step","mobilenet_Task Activation Function_4,5,6,7,8,9,10_Monday_17_March_2025_01h_35m_47s - _step__MIN","mobilenet_Task Activation Function_4,5,6,7,8,9,10_Monday_17_March_2025_01h_35m_47s - _step__MAX","mobilenet_Task Activation Function_4,5,6,7,8,9,10_Monday_17_March_2025_01h_35m_47s - Train/weight_norm","mobilenet_Task Activation Function_4,5,6,7,8,9,10_Monday_17_March_2025_01h_35m_47s - Train/weight_norm__MIN","mobilenet_Task Activation Function_4,5,6,7,8,9,10_Monday_17_March_2025_01h_35m_47s - Train/weight_norm__MAX"
"1","312","1","623","12.59282648563385","12.123473167419434","13.023893356323242","312","1","623","12.562034594707","12.083148002624512","13.028779983520508"
"2","938","627","1249","11.676436833846264","11.246251106262207","12.120529174804688","938","627","1249","11.627382116440016","11.187492370605469","12.08014965057373"
"3","1564","1253","1875","10.84286160652454","10.454895973205566","11.24359130859375","1564","1253","1875","10.77040877709022","10.3687162399292","11.184744834899902"
"4","2190","1879","2501","10.093888784066225","9.748294830322266","10.452500343322754","2190","1879","2501","9.988161304058172","9.621219635009766","10.366212844848633"
"5","2816","2505","3127","9.430658471889984","9.128768920898438","9.746172904968262","2816","2505","3127","9.276082338430943","8.944757461547852","9.618928909301758"
"6","3442","3131","3753","8.853642864105028","8.593413352966309","9.126898765563965","3442","3131","3753","8.632838722987053","8.333359718322754","8.942682266235352"
"7","4068","3757","4379","8.357994565596947","8.13675308227539","8.591846466064453","4068","3757","4379","8.055757796153044","7.790078163146973","8.331507682800293"
"8","4694","4383","5005","7.939106539273873","7.751887798309326","8.135425567626953","4694","4383","5005","7.541271536778181","7.305803298950195","7.7884135246276855"
"9","5320","5009","5631","7.588843286037445","7.434478282928467","7.750797271728516","5320","5009","5631","7.088346400322059","6.882544040679932","7.304383754730225"
"10","5946","5635","6257","7.301098873982062","7.182203769683838","7.433520317077637","5946","5635","6257","6.693977563809126","6.514482498168945","6.881308078765869"
"11","6572","6261","6883","7.074783834127279","6.98001766204834","7.181431770324707","6572","6261","6883","6.3528470779076605","6.20207405090332","6.513357639312744"
"12","7198","6887","7509","6.890824670975025","6.808448314666748","6.979358196258545","7198","6887","7509","6.065097868442535","5.936966896057129","6.201145172119141"
"13","7824","7513","8135","6.732061743736267","6.663107395172119","6.80787992477417","7824","7513","8135","5.824296335379283","5.720836162567139","5.93620491027832"
"14","8450","8139","8761","6.604867802216456","6.553717613220215","6.662652015686035","8450","8139","8761","5.627589899760026","5.544077396392822","5.720199108123779"
"15","9076","8765","9387","6.507503989415291","6.46740198135376","6.553372859954834","9076","8765","9387","5.47412047172204","5.413165092468262","5.543501377105713"
"16","9702","9391","10013","6.437279271773803","6.408674240112305","6.467245101928711","9702","9391","10013","5.35409759863829","5.30624532699585","5.412815093994141"
"17","10328","10017","10639","6.382240533828735","6.355241298675537","6.408478260040283","10328","10017","10639","5.269425644324376","5.234225749969482","5.3059892654418945"
"18","10954","10643","11265","6.324316066045028","6.303870677947998","6.35497522354126","10954","10643","11265","5.2039162165079365","5.18742561340332","5.233921051025391"
"19","11580","11269","11891","6.286841299289312","6.271214485168457","6.303769588470459","11580","11269","11891","5.168558516563514","5.1576313972473145","5.187286376953125"
"20","12206","11895","12517","6.251046961698776","6.239274024963379","6.271087646484375","12206","11895","12517","5.137921337897961","5.125636577606201","5.157458782196045"
"21","12832","12521","13143","6.223375286811438","6.20705509185791","6.239529609680176","12832","12521","13143","5.1143426696459455","5.1055908203125","5.125612735748291"
"22","13458","13147","13769","6.1910451635336265","6.174436569213867","6.2069993019104","13458","13147","13769","5.104435492784549","5.099730014801025","5.10813045501709"
"23","14084","13773","14395","6.160343116674667","6.15014123916626","6.174358367919922","14084","13773","14395","5.102742748382764","5.095667839050293","5.106626987457275"
"24","14710","14399","15021","6.138657860266856","6.132165431976318","6.1500396728515625","14710","14399","15021","5.104892671108246","5.09755802154541","5.117284774780273"
"25","15336","15025","15647","6.120626863760826","6.111654758453369","6.132083892822266","15336","15025","15647","5.125685580265828","5.115588665008545","5.142673492431641"
"26","15962","15651","16273","6.096241162373469","6.081265926361084","6.111571311950684","15962","15651","16273","5.13933155628351","5.135013103485107","5.146836280822754"
"27","16588","16277","16899","6.06818599272997","6.062472820281982","6.0811543464660645","16588","16277","16899","5.144186111596914","5.141303539276123","5.149101257324219"
"28","17214","16903","17525","6.057460543436882","6.05281925201416","6.062356948852539","17214","16903","17525","5.153919267348754","5.1485114097595215","5.165007591247559"
"29","17840","17529","18151","6.044428087197817","6.040929317474365","6.054969310760498","17840","17529","18151","5.17616163003139","5.16525411605835","5.186245918273926"
"30","18466","18155","18777","6.038377561630347","6.034600257873535","6.043304443359375","18466","18155","18777","5.19091731768388","5.18079137802124","5.207274436950684"
"31","19092","18781","19403","6.028841258623661","6.024228572845459","6.041018962860107","19092","18781","19403","5.209480479741708","5.2036333084106445","5.214423656463623"
"32","19718","19407","20029","6.021236745210794","6.016756534576416","6.026764869689941","19718","19407","20029","5.226672866405585","5.211287498474121","5.241344928741455"
"33","20344","20033","20655","6.01720297947908","6.015419960021973","6.022768497467041","20344","20033","20655","5.23018002968568","5.22540283203125","5.241082191467285"
"34","20970","20659","21281","6.003827856137202","5.999528884887695","6.0169525146484375","20970","20659","21281","5.225425759951274","5.222178936004639","5.230379581451416"
"35","21596","21285","21907","5.990369468163221","5.988159656524658","5.999480247497559","21596","21285","21907","5.230641398674402","5.226982116699219","5.2330002784729"
"36","22222","21911","22533","5.982422289175865","5.976161956787109","5.988500118255615","22222","21911","22533","5.24731426514112","5.232325553894043","5.268322944641113"
"37","22848","22537","23159","5.964111965436202","5.956967353820801","5.976044178009033","22848","22537","23159","5.266783873240153","5.261146545410156","5.273020267486572"
"38","23474","23163","23785","5.941399696545723","5.936438083648682","5.9568305015563965","23474","23163","23785","5.275669304224161","5.269775390625","5.281281471252441"
"39","24100","23789","24411","5.931633075078328","5.928605556488037","5.938964366912842","24100","23789","24411","5.263314804969689","5.258070945739746","5.271346569061279"
"40","24726","24415","25037","5.931780802897918","5.92618465423584","5.936000823974609","24726","24415","25037","5.262704989848992","5.257648468017578","5.269779682159424"
"41","25352","25041","25663","5.918522440470182","5.914444446563721","5.92609167098999","25352","25041","25663","5.263272053156143","5.259021759033203","5.267831802368164"
"42","25978","25667","26289","5.912427928203192","5.908962249755859","5.916849613189697","25978","25667","26289","5.265931704105475","5.257806301116943","5.273374080657959"
"43","26604","26293","26915","5.903736707491753","5.9006781578063965","5.908937931060791","26604","26293","26915","5.2627789332316475","5.255439281463623","5.272743225097656"
"44","27230","26919","27541","5.903729392932012","5.899343013763428","5.907512664794922","27230","26919","27541","5.2672553429236775","5.258084297180176","5.287951946258545"
"45","27856","27545","28167","5.899354540384733","5.893064498901367","5.9059553146362305","27856","27545","28167","5.289089360298255","5.286606311798096","5.291369915008545"
"46","28482","28171","28793","5.89805641082617","5.89399528503418","5.9060235023498535","28482","28171","28793","5.292682442909632","5.283727645874023","5.302862644195557"
"47","29108","28797","29419","5.903528603223654","5.898638725280762","5.908064842224121","29108","28797","29419","5.2965240111717815","5.292399883270264","5.302384376525879"
"48","29734","29423","30045","5.894804635109046","5.889233112335205","5.903989791870117","29734","29423","30045","5.293507044131939","5.288381099700928","5.300473690032959"
"49","30360","30049","30671","5.886467571441944","5.881189346313477","5.893856048583984","30360","30049","30671","5.295894222381787","5.291906833648682","5.3023271560668945"
"50","30986","30675","31297","5.879839294996017","5.869412422180176","5.8935747146606445","30986","30675","31297","5.302187054585188","5.296300888061523","5.310674667358398"
"51","31612","31301","31923","5.860442944062062","5.856208801269531","5.86937952041626","31612","31301","31923","5.311101948603605","5.307096004486084","5.316096305847168"
"52","32238","31927","32549","5.857389188729799","5.852479934692383","5.861324787139893","32238","31927","32549","5.303697297206292","5.296930313110352","5.315914630889893"
"53","32864","32553","33175","5.854224116374285","5.851680755615234","5.860406875610352","32864","32553","33175","5.294009251472278","5.287339210510254","5.300807952880859"
"54","33490","33179","33801","5.8467496786362085","5.843336582183838","5.855620384216309","33490","33179","33801","5.283486185929714","5.277607440948486","5.300424098968506"
"55","34116","33805","34427","5.835222371113606","5.831092357635498","5.843822002410889","34116","33805","34427","5.29857359177027","5.292845726013184","5.302395343780518"
"56","34742","34431","35053","5.834024731929485","5.829719066619873","5.839329719543457","34742","34431","35053","5.298023978869121","5.292283535003662","5.304004192352295"
"57","35368","35057","35679","5.82685344799971","5.822471618652344","5.836672306060791","35368","35057","35679","5.295769251309908","5.28916072845459","5.301888465881348"
"58","35994","35683","36305","5.821786467845623","5.818660259246826","5.8284220695495605","35994","35683","36305","5.295601091323754","5.288562297821045","5.3032097816467285"
"59","36620","36309","36931","5.821459476764385","5.818377494812012","5.825584888458252","36620","36309","36931","5.293210055583563","5.288794040679932","5.302069187164307"
"60","37246","36935","37557","5.8079077784831705","5.803886413574219","5.820181846618652","37246","36935","37557","5.281706328575428","5.274929046630859","5.29245662689209"
"61","37872","37561","38183","5.7982563850207205","5.796412467956543","5.803814888000488","37872","37561","38183","5.277796104932443","5.272775173187256","5.2824482917785645"
"62","38498","38187","38809","5.796171857760503","5.792448997497559","5.800326824188232","38498","38187","38809","5.281792704875652","5.277993679046631","5.290150165557861"
"63","39124","38813","39435","5.791926825657869","5.787684440612793","5.79637336730957","39124","38813","39435","5.275831049833542","5.268857955932617","5.290090560913086"
"64","39750","39439","40061","5.7915576085066185","5.7871994972229","5.79815673828125","39750","39439","40061","5.278846749892602","5.271800994873047","5.288994312286377"
"65","40376","40065","40687","5.798501503773225","5.794760704040527","5.8030171394348145","40376","40065","40687","5.286674002806346","5.281737327575684","5.291366100311279"
"66","41002","40691","41313","5.7952776321998005","5.790163040161133","5.802273750305176","41002","40691","41313","5.2744640035507","5.26649284362793","5.283059120178223"
"67","41628","41317","41939","5.79481483117128","5.791686058044434","5.801210880279541","41628","41317","41939","5.263795571449475","5.257293701171875","5.278159141540527"
"68","42254","41943","42565","5.796658389079265","5.7950286865234375","5.801494598388672","42254","41943","42565","5.267651050518721","5.260239601135254","5.274992942810059"
"69","42880","42569","43191","5.790217569241157","5.788305282592773","5.796523094177246","42880","42569","43191","5.259976607102614","5.254823207855225","5.265538692474365"
"70","43506","43195","43817","5.784711299798428","5.779719829559326","5.7882161140441895","43506","43195","43817","5.260298403409811","5.255236625671387","5.264678001403809"
"71","44132","43821","44443","5.776594015268179","5.771396636962891","5.787369251251221","44132","43821","44443","5.246161546462622","5.240607261657715","5.255228042602539"
"72","44758","44447","45069","5.7681336754407635","5.764911651611328","5.776089668273926","44758","44447","45069","5.239024322766524","5.23352575302124","5.244023323059082"
"73","45384","45073","45695","5.756428223389846","5.752058506011963","5.766861438751221","45384","45073","45695","5.238239538975251","5.234102725982666","5.243234634399414"
"74","46010","45699","46321","5.745537036504501","5.739499568939209","5.756353855133057","46010","45699","46321","5.23233870206735","5.22551155090332","5.241268634796143"
"75","46636","46325","46947","5.741080838900346","5.73785400390625","5.7464776039123535","46636","46325","46947","5.22380374945127","5.21690034866333","5.235294818878174"
"76","47262","46951","47573","5.739918740896078","5.737039089202881","5.746664524078369","47262","46951","47573","5.218184613264524","5.213336944580078","5.222657203674316"
"77","47888","47577","48199","5.7308604992353","5.724563121795654","5.739278316497803","47888","47577","48199","5.212734749683967","5.2059478759765625","5.222434043884277"
"78","48514","48203","48825","5.722686746181586","5.718874931335449","5.732790946960449","48514","48203","48825","5.222580802746308","5.220064640045166","5.225029945373535"
"79","49140","48829","49451","5.715915464437925","5.711567401885986","5.72001314163208","49140","48829","49451","5.20821338891983","5.201318740844727","5.224752426147461"
"80","49766","49455","50077","5.721877860717284","5.713080406188965","5.732593059539795","49766","49455","50077","5.2029431248322515","5.197912693023682","5.206796169281006"
"81","50392","50081","50703","5.726214624368227","5.722642421722412","5.732126235961914","50392","50081","50703","5.201725206313989","5.196775913238525","5.208958148956299"
"82","51018","50707","51329","5.714810730555119","5.711078643798828","5.725337982177734","51018","50707","51329","5.195258672420795","5.18601131439209","5.210216999053955"
"83","51644","51333","51955","5.702966716044989","5.699963092803955","5.711242198944092","51644","51333","51955","5.1836889661275425","5.179630756378174","5.190817832946777"
"84","52270","51959","52581","5.693200522508377","5.688784122467041","5.701053142547607","52270","51959","52581","5.184162575464982","5.180115222930908","5.19121789932251"
"85","52896","52585","53207","5.682659084980305","5.6791839599609375","5.689442157745361","52896","52585","53207","5.182225309885466","5.178764820098877","5.186309337615967"
"86","53522","53211","53833","5.6764157582552","5.669980525970459","5.683494567871094","53522","53211","53833","5.177089828711289","5.174443244934082","5.180779933929443"
"87","54148","53837","54459","5.682339309117733","5.679759502410889","5.684438228607178","54148","53837","54459","5.178149830072354","5.172785758972168","5.184820652008057"
"88","54774","54463","55085","5.674623154676878","5.671180725097656","5.684380531311035","54774","54463","55085","5.1753953374349155","5.170786380767822","5.1849284172058105"
"89","55400","55089","55711","5.662574870464129","5.65764856338501","5.671167373657227","55400","55089","55711","5.16692806665714","5.162312030792236","5.171362400054932"
"90","56026","55715","56337","5.660264842021159","5.657176494598389","5.665067195892334","56026","55715","56337","5.15463805045837","5.150798797607422","5.162189483642578"
"91","56652","56341","56963","5.657046276789445","5.653055667877197","5.663472652435303","56652","56341","56963","5.144099723070096","5.139808654785156","5.153651237487793"
"92","57278","56967","57589","5.652019522128961","5.646158218383789","5.657355785369873","57278","56967","57589","5.134218871593475","5.130260467529297","5.142065525054932"
"93","57904","57593","58215","5.653974154056647","5.649140357971191","5.658390045166016","57904","57593","58215","5.137315736367152","5.132411479949951","5.145339488983154"
"94","58530","58219","58841","5.655559856158036","5.652602672576904","5.65888786315918","58530","58219","58841","5.137693770420857","5.130250930786133","5.14583683013916"
"95","59156","58845","59467","5.648942391077678","5.645500659942627","5.6572265625","59156","58845","59467","5.126703713184748","5.119630336761475","5.13670015335083"
"96","59782","59471","60093","5.643425226211548","5.6413798332214355","5.6473469734191895","59782","59471","60093","5.133319568939698","5.129714012145996","5.136822700500488"
"97","60408","60097","60719","5.638093911684477","5.634763717651367","5.6436872482299805","60408","60097","60719","5.127578422045096","5.124387741088867","5.13360071182251"
"98","61034","60723","61345","5.636912413132497","5.633931636810303","5.643460750579834","61034","60723","61345","5.123418347957807","5.119133949279785","5.130740642547607"
"99","61660","61349","61971","5.635401391066038","5.631955146789551","5.640000343322754","61660","61349","61971","5.121095038377321","5.116913318634033","5.128382205963135"
"100","62286","61975","62597","5.632497842495258","5.6292219161987305","5.637372970581055","62286","61975","62597","5.112295312759204","5.107165336608887","5.12127685546875"
"101","62912","62601","63223","5.6331845705325785","5.630594253540039","5.6365838050842285","62912","62601","63223","5.096771390010149","5.087777614593506","5.107665538787842"
"102","63538","63227","63849","5.628117419206179","5.624020099639893","5.6349358558654785","63538","63227","63849","5.080402652422587","5.075294494628906","5.088411808013916"
"103","64164","63853","64475","5.6207419496316176","5.61618709564209","5.629902362823486","64164","63853","64475","5.070646061347081","5.065928936004639","5.078265190124512"
"104","64790","64479","65101","5.616790737861242","5.614291191101074","5.62166690826416","64790","64479","65101","5.058767978961651","5.0523600578308105","5.069529056549072"
"105","65416","65105","65727","5.611241624905513","5.606827735900879","5.614951133728027","65416","65105","65727","5.048722849442409","5.044905185699463","5.054227352142334"
"106","66042","65731","66353","5.608517714035817","5.605316162109375","5.613621234893799","66042","65731","66353","5.055536577334771","5.049510955810547","5.061593532562256"
"107","66668","66357","66979","5.599724126167787","5.5949296951293945","5.610727787017822","66668","66357","66979","5.054238576155442","5.048130989074707","5.061726093292236"
"108","67294","66983","67605","5.592447054691804","5.5895256996154785","5.599924564361572","67294","66983","67605","5.05318761177552","5.048891544342041","5.059026718139648"
"109","67920","67609","68231","5.592201877862979","5.587185382843018","5.597942352294922","67920","67609","68231","5.035976066039159","5.022635459899902","5.054875373840332"
"110","68546","68235","68857","5.594566340629871","5.592118740081787","5.598025321960449","68546","68235","68857","5.016540718384278","5.012780666351318","5.023391246795654"
"111","69172","68861","69483","5.58578679500482","5.581780433654785","5.594283103942871","69172","68861","69483","5.019920320082933","5.016550540924072","5.022154808044434"
"112","69798","69487","70109","5.589051408645434","5.584900379180908","5.594992160797119","69798","69487","70109","5.014915730708685","5.010519981384277","5.021828651428223"
"113","70424","70113","70735","5.592537675148401","5.589843273162842","5.595207691192627","70424","70113","70735","5.013145457475614","5.007035255432129","5.018363952636719"
"114","71050","70739","71361","5.584530017314813","5.580195426940918","5.595280170440674","71050","70739","71361","5.014748544265062","5.010107517242432","5.0195817947387695"
"115","71676","71365","71987","5.573018972690289","5.570382118225098","5.58082389831543","71676","71365","71987","5.010218141934811","5.007211208343506","5.017065525054932"
"116","72302","71991","72613","5.560546711469308","5.5573296546936035","5.570685386657715","72302","71991","72613","4.996230605321053","4.989068508148193","5.008693695068359"
"117","72928","72617","73239","5.552099767403725","5.549927234649658","5.557563781738281","72928","72617","73239","4.983664266574077","4.9807658195495605","4.990572929382324"
"118","73554","73243","73865","5.548164621377603","5.544545650482178","5.554060935974121","73554","73243","73865","4.973780356920683","4.969249248504639","4.9823713302612305"
"119","74180","73869","74491","5.544795100505535","5.5419111251831055","5.549771785736084","74180","73869","74491","4.9641865125069256","4.958237171173096","4.972238540649414"
"120","74806","74495","75117","5.542801882976141","5.540371894836426","5.548986911773682","74806","74495","75117","4.949244569509458","4.944939136505127","4.958209991455078"
"121","75432","75121","75743","5.539749367114825","5.535773277282715","5.544894218444824","75432","75121","75743","4.9491248574012365","4.945789337158203","4.953448295593262"
"122","76058","75747","76369","5.5410135342524605","5.538942813873291","5.544030666351318","76058","75747","76369","4.946793996370756","4.941737651824951","4.953808307647705"
"123","76684","76373","76995","5.5314718576578","5.526660442352295","5.5416083335876465","76684","76373","76995","4.939985252343691","4.930836200714111","4.949690341949463"
"124","77310","76999","77621","5.525983549081362","5.521983623504639","5.530630588531494","77310","76999","77621","4.921628329998407","4.916738033294678","4.931021690368652"
"125","77936","77625","78247","5.521425089774987","5.517529487609863","5.527667045593262","77936","77625","78247","4.911244377111777","4.905875205993652","4.918128490447998"
"126","78562","78251","78873","5.516087956917592","5.512736797332764","5.522356033325195","78562","78251","78873","4.909453283517789","4.904994487762451","4.916468143463135"
"127","79188","78877","79499","5.509870385512327","5.503740310668945","5.5208258628845215","79188","78877","79499","4.895519864864839","4.888336181640625","4.905201435089111"
"128","79814","79503","80125","5.50039961704841","5.496679306030273","5.5093889236450195","79814","79503","80125","4.881848475871942","4.877415180206299","4.888303279876709"
"129","80440","80129","80751","5.489259224671584","5.48518705368042","5.498398303985596","80440","80129","80751","4.8724314616276665","4.866347789764404","4.8817315101623535"
"130","81066","80755","81377","5.480531587050511","5.477355480194092","5.487157344818115","81066","80755","81377","4.860509753227234","4.857486248016357","4.869778633117676"
"131","81692","81381","82003","5.479066993945684","5.476770877838135","5.482908248901367","81692","81381","82003","4.8507863986186495","4.846400260925293","4.86083459854126"
"132","82318","82007","82629","5.47536036448601","5.472201824188232","5.481675624847412","82318","82007","82629","4.843550669841277","4.83951997756958","4.846860408782959"
"133","82944","82633","83255","5.467790013704544","5.465178966522217","5.474701404571533","82944","82633","83255","4.832791554622161","4.825735092163086","4.84185791015625"
"134","83570","83259","83881","5.463386532587883","5.459931373596191","5.46834659576416","83570","83259","83881","4.81869908173879","4.81552791595459","4.825714588165283"
"135","84196","83885","84507","5.461487030371641","5.457571029663086","5.468224048614502","84196","83885","84507","4.81027011687939","4.8037238121032715","4.81840705871582"
"136","84822","84511","85133","5.456267347702613","5.453037261962891","5.4601593017578125","84822","84511","85133","4.798732525263077","4.79300594329834","4.80951452255249"
"137","85448","85137","85759","5.4524684227429905","5.449473857879639","5.458758354187012","85448","85137","85759","4.788642863432567","4.783987045288086","4.79914665222168"
"138","86074","85763","86385","5.444072727973644","5.441124439239502","5.452950477600098","86074","85763","86385","4.775967084444487","4.770333766937256","4.78504753112793"
"139","86700","86389","87011","5.438717325528462","5.435843467712402","5.443831443786621","86700","86389","87011","4.763284369921073","4.7577972412109375","4.776018142700195"
"140","87326","87015","87637","5.425521606054062","5.420022964477539","5.43595552444458","87326","87015","87637","4.756160670366043","4.752727508544922","4.760652542114258"
"141","87952","87641","88263","5.409284088856134","5.405899524688721","5.420433521270752","87952","87641","88263","4.749076905923012","4.7453131675720215","4.756236553192139"
"142","88578","88267","88889","5.39848850782101","5.393845081329346","5.408297061920166","88578","88267","88889","4.740617078084212","4.736831188201904","4.747228145599365"
"143","89204","88893","89515","5.395403557862991","5.392416000366211","5.400412082672119","89204","88893","89515","4.737842805874654","4.73442268371582","4.743139266967773"
"144","89830","89519","90141","5.386034656793643","5.382152080535889","5.395882606506348","89830","89519","90141","4.7273812523254986","4.723873138427734","4.735872268676758"
"145","90456","90145","90767","5.376695094964443","5.371655464172363","5.386363506317139","90456","90145","90767","4.715423023089384","4.709878444671631","4.7242960929870605"
"146","91082","90771","91393","5.370516526393401","5.3681159019470215","5.3768110275268555","91082","90771","91393","4.7036009308619375","4.697929859161377","4.709842205047607"
"147","91708","91397","92019","5.358320020712339","5.353675365447998","5.368531703948975","91708","91397","92019","4.689516640626467","4.684961795806885","4.697935581207275"
"148","92334","92023","92645","5.3485699372413835","5.3457841873168945","5.354351997375488","92334","92023","92645","4.674326801911379","4.670296669006348","4.685168743133545"
"149","92960","92649","93271","5.344518210643377","5.341418743133545","5.350093364715576","92960","92649","93271","4.6645004871564035","4.661497592926025","4.671964645385742"
"150","93586","93275","93897","5.3392132474825935","5.335055828094482","5.348217487335205","93586","93275","93897","4.656296653625293","4.651594161987305","4.663622856140137"
"151","94212","93901","94523","5.3278714036330195","5.324307441711426","5.337330341339111","94212","93901","94523","4.645332366992266","4.639150142669678","4.655937671661377"
"152","94838","94527","95149","5.320346040603442","5.317340850830078","5.326449394226074","94838","94527","95149","4.633530382926647","4.628969669342041","4.641927719116211"
"153","95464","95153","95775","5.314817943634131","5.308688163757324","5.323038578033447","95464","95153","95775","4.6232955409930305","4.6208648681640625","4.629284381866455"
"154","96090","95779","96401","5.302500111934466","5.2992424964904785","5.3086628913879395","96090","95779","96401","4.61793499879348","4.613450527191162","4.625415325164795"
"155","96716","96405","97027","5.295108029475579","5.292407989501953","5.30208683013916","96716","96405","97027","4.609192515030886","4.602414608001709","4.6169304847717285"
"156","97342","97031","97653","5.285670619744521","5.2818708419799805","5.294589519500732","97342","97031","97653","4.597131935449747","4.5927863121032715","4.602402210235596"
"157","97968","97657","98279","5.278716081228012","5.274986743927002","5.286275386810303","97968","97657","98279","4.58332990988707","4.574427604675293","4.592832088470459"
"158","98594","98283","98905","5.271685302257538","5.2682366371154785","5.278332710266113","98594","98283","98905","4.5645981813088445","4.559695720672607","4.574852466583252"
"159","99220","98909","99531","5.260314293396779","5.254593372344971","5.27072811126709","99220","98909","99531","4.55087688488838","4.545485019683838","4.561209678649902"
"160","99846","99535","100157","5.245426645645728","5.241560459136963","5.255514144897461","99846","99535","100157","4.53562358709482","4.528666973114014","4.546942710876465"
"161","100472","100161","100783","5.23406460804817","5.230313777923584","5.242488384246826","100472","100161","100783","4.522745273052117","4.518723011016846","4.529693126678467"
"162","101098","100787","101409","5.2194164257783155","5.215046405792236","5.230292797088623","101098","100787","101409","4.514019742990151","4.509465217590332","4.521745681762695"
"163","101724","101413","102035","5.2069801061581344","5.203017711639404","5.21605110168457","101724","101413","102035","4.503046605831537","4.496599197387695","4.512688636779785"
"164","102350","102039","102661","5.197168956964444","5.191133975982666","5.205420017242432","102350","102039","102661","4.487659790577033","4.481009006500244","4.497535228729248"
"165","102976","102665","103287","5.183725143090273","5.180803298950195","5.191789150238037","102976","102665","103287","4.471329210660397","4.46539306640625","4.482585906982422"
"166","103602","103291","103913","5.176456685249622","5.173537254333496","5.1827545166015625","103602","103291","103913","4.4550216641181555","4.449021339416504","4.465719699859619"
"167","104228","103917","104539","5.163999650722895","5.158710956573486","5.175165176391602","104228","103917","104539","4.43981641683823","4.432848930358887","4.450445652008057"
"168","104854","104543","105165","5.148642562902891","5.143836975097656","5.158653259277344","104854","104543","105165","4.4257953105828705","4.422911167144775","4.433405876159668"
"169","105480","105169","105791","5.135190457869799","5.129913330078125","5.144719123840332","105480","105169","105791","4.414776523907979","4.407101631164551","4.424574851989746"
"170","106106","105795","106417","5.120498846738767","5.115874767303467","5.129884719848633","106106","105795","106417","4.397290547688802","4.3906989097595215","4.407140731811523"
"171","106732","106421","107043","5.108669352837098","5.104866981506348","5.116856575012207","106732","106421","107043","4.381042408637511","4.374709606170654","4.3914265632629395"
"172","107358","107047","107669","5.096688631253365","5.091956615447998","5.106391906738281","107358","107047","107669","4.367946623227535","4.364593982696533","4.375471115112305"
"173","107984","107673","108295","5.0838152552262335","5.078695774078369","5.093636512756348","107984","107673","108295","4.358176674598303","4.353104114532471","4.365113735198975"
"174","108610","108299","108921","5.0703327258427935","5.065513610839844","5.0796217918396","108610","108299","108921","4.344736395738064","4.339845657348633","4.353288650512695"
"175","109236","108925","109547","5.0569098225006694","5.0507636070251465","5.066544532775879","109236","108925","109547","4.330920531199529","4.3255133628845215","4.34063196182251"
"176","109862","109551","110173","5.04332315768951","5.035196304321289","5.05427885055542","109862","109551","110173","4.313226166443947","4.306792736053467","4.3254804611206055"
"177","110488","110177","110799","5.026704633847261","5.02247428894043","5.035171985626221","110488","110177","110799","4.300251905734722","4.290738105773926","4.307610988616943"
"178","111114","110803","111425","5.010993824555324","5.004549026489258","5.022597312927246","111114","110803","111425","4.278939976142003","4.272915840148926","4.290684223175049"
"179","111740","111429","112051","4.993148715068132","4.987086296081543","5.004555702209473","111740","111429","112051","4.2630453415406055","4.256982803344727","4.2728753089904785"
"180","112366","112055","112677","4.976424137751262","4.969193935394287","4.98738956451416","112366","112055","112677","4.253296713034312","4.24873161315918","4.259768962860107"
"181","112992","112681","113303","4.957791444582817","4.950738430023193","4.969186782836914","112992","112681","113303","4.236437429220248","4.22556734085083","4.249112606048584"
"182","113618","113307","113929","4.938909070614057","4.929708957672119","4.950711727142334","113618","113307","113929","4.2149026072942295","4.20809268951416","4.2255401611328125"
"183","114244","113933","114555","4.918219830745306","4.910135269165039","4.930010795593262","114244","113933","114555","4.198132300988222","4.1911396980285645","4.208062171936035"
"184","114870","114559","115181","4.901082349129212","4.896000862121582","4.910371780395508","114870","114559","115181","4.177677820890378","4.17034387588501","4.191096782684326"
"185","115496","115185","115807","4.885817859417353","4.878624439239502","4.896969318389893","115496","115185","115807","4.159254294175368","4.152786731719971","4.170337200164795"
"186","116122","115811","116433","4.868465318129613","4.860392093658447","4.879014015197754","116122","115811","116433","4.14237275490394","4.135047912597656","4.1528730392456055"
"187","116748","116437","117059","4.8465364162738505","4.837374687194824","4.860381126403809","116748","116437","117059","4.128278906528767","4.1216230392456055","4.136785507202148"
"188","117374","117063","117685","4.825657535821963","4.8173017501831055","4.8373308181762695","117374","117063","117685","4.114177327889663","4.107287883758545","4.121592998504639"
"189","118000","117689","118311","4.806573490301768","4.800164222717285","4.817256927490234","118000","117689","118311","4.095617220951961","4.086917877197266","4.107227802276611"
"190","118626","118315","118937","4.788391888141632","4.77940559387207","4.8004231452941895","118626","118315","118937","4.077157471424494","4.0702009201049805","4.086898326873779"
"191","119252","118941","119563","4.7675191928178835","4.759852409362793","4.779392719268799","119252","118941","119563","4.059441363200163","4.049755573272705","4.070175647735596"
"192","119878","119567","120189","4.748271491283026","4.739468097686768","4.760406970977783","119878","119567","120189","4.038420096421853","4.031403541564941","4.049729824066162"
"193","120504","120193","120815","4.727432348789313","4.718616008758545","4.7394304275512695","120504","120193","120815","4.020674717731965","4.013123989105225","4.031387805938721"
"194","121130","120819","121441","4.705743919580411","4.6965460777282715","4.718598365783691","121130","120819","121441","4.00253657423533","3.995283842086792","4.013095378875732"
"195","121756","121445","122067","4.683478532693325","4.674747467041016","4.696492671966553","121756","121445","122067","3.9848989148934684","3.976594924926758","3.9952902793884277"
"196","122382","122071","122693","4.663075849031791","4.654601573944092","4.674715518951416","122382","122071","122693","3.9638674755891166","3.9550487995147705","3.976571798324585"
"197","123008","122697","123319","4.6398929831309195","4.627562522888184","4.654569149017334","123008","122697","123319","3.9437608481981816","3.936253547668457","3.9549834728240967"
"198","123634","123323","123945","4.61517226543182","4.606296539306641","4.627496242523193","123634","123323","123945","3.925883416181956","3.9171974658966064","3.9362165927886963"
"199","124260","123949","124571","4.593253216682336","4.583105564117432","4.606271743774414","124260","123949","124571","3.906588057676951","3.8965234756469727","3.917207956314087"
"200","124886","124575","125197","4.56943645232763","4.558862686157227","4.583076000213623","124886","124575","125197","3.8872784016988216","3.879908323287964","3.896472215652466"
"201","125512","125201","125823","4.544949893768017","4.5335516929626465","4.558807849884033","125512","125201","125823","3.869525615985577","3.861041307449341","3.879865884780884"
"202","126138","125827","126449","4.51853198882861","4.506187438964844","4.533486843109131","126138","125827","126449","3.8505759774110255","3.843740463256836","3.861016035079956"
"203","126764","126453","127075","4.492884003199064","4.480638027191162","4.50612211227417","126764","126453","127075","3.8322747410872045","3.8221774101257324","3.843716621398926"
"204","127390","127079","127701","4.466704486272274","4.4552106857299805","4.480579853057861","127390","127079","127701","3.810863208312255","3.80157208442688","3.822131872177124"
"205","128016","127705","128327","4.441423529233688","4.429549694061279","4.45517110824585","128016","127705","128327","3.789313174211062","3.7792108058929443","3.801518440246582"
"206","128642","128331","128953","4.415230584450257","4.4024882316589355","4.4294891357421875","128642","128331","128953","3.7682852301842127","3.759936809539795","3.7791597843170166"
"207","129268","128957","129579","4.387692297116304","4.375185489654541","4.402433395385742","129268","128957","129579","3.750558623136618","3.741964817047119","3.759908437728882"
"208","129894","129583","130205","4.36041487638767","4.3482584953308105","4.37511682510376","129894","129583","130205","3.730197940881436","3.7205350399017334","3.741913318634033"
"209","130520","130209","130831","4.33417395903514","4.321230411529541","4.3481974601745605","130520","130209","130831","3.7091512427880216","3.6989457607269287","3.7204768657684326"
"210","131146","130835","131457","4.305966508694184","4.292820453643799","4.321136474609375","131146","130835","131457","3.6868296464284263","3.67704176902771","3.698885202407837"
"211","131772","131461","132083","4.2773567254726705","4.263704299926758","4.29274320602417","131772","131461","132083","3.6650186570791097","3.6546757221221924","3.676995038986206"
"212","132398","132087","132709","4.247589262632223","4.232823371887207","4.263629913330078","132398","132087","132709","3.6430549904322014","3.633483409881592","3.6546196937561035"
"213","133024","132713","133335","4.217472883371206","4.202818870544434","4.23274564743042","133024","132713","133335","3.6223163428979044","3.6141855716705322","3.633436679840088"
"214","133650","133339","133961","4.185765145680843","4.170409679412842","4.2027411460876465","133650","133339","133961","3.6027674063658104","3.592233419418335","3.6141531467437744"
"215","134276","133965","134587","4.154392150732187","4.139232635498047","4.170331954956055","134276","133965","134587","3.580534007304754","3.570981502532959","3.5921738147735596"
"216","134902","134591","135213","4.123237152894338","4.108234882354736","4.139159202575684","134902","134591","135213","3.559921865279858","3.5494070053100586","3.5709362030029297"
"217","135528","135217","135839","4.092775771251092","4.0787153244018555","4.108163356781006","135528","135217","135839","3.538742495652957","3.5288429260253906","3.549351692199707"
"218","136154","135843","136465","4.063136771703378","4.048677444458008","4.078640460968018","136154","135843","136465","3.518651472452359","3.508681297302246","3.5287933349609375"
"219","136780","136469","137091","4.033322444328895","4.018463134765625","4.048608779907227","136780","136469","137091","3.4982279118819113","3.488724708557129","3.5086207389831543"
"220","137406","137095","137717","4.00329993550594","3.988862991333008","4.018391132354736","137406","137095","137717","3.477558500491656","3.468008518218994","3.4886634349823"
"221","138032","137721","138343","3.9743864880158353","3.9602744579315186","3.9887962341308594","138032","137721","138343","3.4575947240377083","3.4485528469085693","3.4679574966430664"
"222","138658","138347","138969","3.94523491920569","3.9303383827209473","3.9601988792419434","138658","138347","138969","3.437277099260917","3.4266834259033203","3.4484972953796387"
"223","139284","138973","139595","3.9146331632748628","3.8995296955108643","3.9302477836608887","139284","138973","139595","3.416324792764126","3.4068217277526855","3.4266393184661865"
"224","139910","139599","140221","3.8830366004735994","3.8674609661102295","3.8994340896606445","139910","139599","140221","3.3965275364044385","3.387143611907959","3.4067819118499756"
"225","140536","140225","140847","3.8516851602456508","3.836277484893799","3.867366313934326","140536","140225","140847","3.377099170134618","3.367097854614258","3.3870925903320312"
"226","141162","140851","141473","3.8201286036234636","3.8046185970306396","3.836184024810791","141162","140851","141473","3.356609033468442","3.346768617630005","3.3670401573181152"
"227","141788","141477","142099","3.7890796042405643","3.77372407913208","3.8045241832733154","141788","141477","142099","3.336513333595716","3.3274688720703125","3.3467063903808594"
"228","142414","142103","142725","3.7584016827436595","3.7433714866638184","3.773625612258911","142414","142103","142725","3.317431030365137","3.308530569076538","3.327418804168701"
"229","143040","142729","143351","3.7287776875190244","3.7141835689544678","3.7432808876037598","143040","142729","143351","3.299073563936429","3.2903358936309814","3.3084797859191895"
"230","143666","143355","143977","3.6991543066807284","3.6844513416290283","3.714095115661621","143666","143355","143977","3.280867426823347","3.2718443870544434","3.2902843952178955"
"231","144292","143981","144603","3.669445602557598","3.654866933822632","3.684359312057495","144292","143981","144603","3.262098673826609","3.2528700828552246","3.271789312362671"
"232","144918","144607","145229","3.6401784228972898","3.6257901191711426","3.6547770500183105","144918","144607","145229","3.2433615724245706","3.234650135040283","3.2528128623962402"
"233","145544","145233","145855","3.6111960793152833","3.5967915058135986","3.6256978511810303","145544","145233","145855","3.225667487352322","3.2171149253845215","3.2346019744873047"
"234","146170","145859","146481","3.582784937742429","3.569150686264038","3.596701145172119","146170","145859","146481","3.2079729468394547","3.199249505996704","3.21705961227417"
"235","146796","146485","147107","3.5554877634231863","3.5417745113372803","3.5690689086914062","146796","146485","147107","3.1900592102454257","3.1811609268188477","3.1991934776306152"
"236","147422","147111","147733","3.528290269466547","3.5149006843566895","3.541688919067383","147422","147111","147733","3.1724520302735844","3.164241313934326","3.181105613708496"
"237","148048","147737","148359","3.5019358572287436","3.4889304637908936","3.5148143768310547","148048","147737","148359","3.155750409914897","3.1477041244506836","3.1641898155212402"
"238","148674","148363","148985","3.4761904508639603","3.463672399520874","3.4888477325439453","148674","148363","148985","3.1389786295401745","3.130699872970581","3.1476542949676514"
"239","149300","148989","149611","3.4510718629910397","3.438689947128296","3.463594675064087","149300","148989","149611","3.1223032581500516","3.1138663291931152","3.130652904510498"
"240","149926","149615","150237","3.42655295592088","3.4146273136138916","3.4386146068573","149926","149615","150237","3.1054316621560316","3.0973856449127197","3.1138157844543457"
"241","150552","150241","150863","3.402944281315192","3.3913064002990723","3.414547920227051","150552","150241","150863","3.0890668668808083","3.0810248851776123","3.0973408222198486"
"242","151178","150867","151489","3.3799087336430182","3.368590831756592","3.391232490539551","151178","150867","151489","3.0729453693597746","3.0651745796203613","3.080977201461792"
"243","151804","151493","152115","3.3577099656447387","3.3469700813293457","3.3685226440429688","151804","151493","152115","3.057512246645414","3.050119638442993","3.0651304721832275"
"244","152430","152119","152741","3.3364076843628516","3.3259263038635254","3.3469061851501465","152430","152119","152741","3.0427137330556526","3.0355207920074463","3.0500729084014893"
"245","153056","152745","153367","3.315668361309247","3.3054802417755127","3.3258614540100098","153056","152745","153367","3.0281784450396514","3.0209453105926514","3.0354816913604736"
"246","153682","153371","153993","3.2955927359752164","3.2856998443603516","3.3054139614105225","153682","153371","153993","3.013667594928008","3.0065078735351562","3.0209009647369385"
"247","154308","153997","154619","3.2761658475949216","3.2666988372802734","3.2856385707855225","154308","153997","154619","2.999502929357382","2.9927613735198975","3.0064685344696045"
"248","154934","154623","155245","3.257458657026291","3.2483747005462646","3.2666397094726562","154934","154623","155245","2.985869729366058","2.9791030883789062","2.992720365524292"
"249","155560","155249","155871","3.2395993646902914","3.230811834335327","3.2483203411102295","155560","155249","155871","2.9724653034638138","2.965890884399414","2.9790611267089844"
"250","156186","155875","156497","3.222334637855872","3.213866949081421","3.2307586669921875","156186","155875","156497","2.95938571370565","2.953026294708252","2.9658493995666504"
"251","156812","156501","157123","3.205675328389192","3.197582483291626","3.213815212249756","156812","156501","157123","2.946676884706204","2.9404561519622803","2.9529874324798584"
"252","157438","157127","157749","3.18983627588321","3.182100296020508","3.1975324153900146","157438","157127","157749","2.93434140086174","2.928372383117676","2.940418243408203"
"253","158064","157753","158375","3.1745742039802747","3.167125701904297","3.1820499897003174","158064","157753","158375","2.9224282113405375","2.9165685176849365","2.928337812423706"
"254","158690","158379","159001","3.159951166464732","3.15287709236145","3.1670801639556885","158690","158379","159001","2.9108275373776755","2.905219554901123","2.916532039642334"
"255","159316","159005","159627","3.1460083723068237","3.1392202377319336","3.152832508087158","159316","159005","159627","2.8996667831371994","2.8942103385925293","2.9051849842071533"
"256","159942","159631","160253","3.132648481008334","3.1261038780212402","3.139176607131958","159942","159631","160253","2.8889147570500007","2.8837196826934814","2.894176483154297"
"257","160568","160257","160879","3.1198909748823214","3.113698959350586","3.126063585281372","160568","160257","160879","2.87859138693565","2.8735597133636475","2.8836872577667236"
"258","161194","160883","161505","3.1077115421111765","3.1017863750457764","3.113661050796509","161194","160883","161505","2.868723267928148","2.8638837337493896","2.873530864715576"
"259","161820","161509","162131","3.0960964606358456","3.0904576778411865","3.1017496585845947","161820","161509","162131","2.859217957044259","2.8546156883239746","2.8638546466827393"
"260","162446","162135","162757","3.085039585064619","3.0796895027160645","3.090423107147217","162446","162135","162757","2.850086755477465","2.845658779144287","2.8545875549316406"
"261","163072","162761","163383","3.0745804523810363","3.0694756507873535","3.0796566009521484","163072","162761","163383","2.8413685384469156","2.8370842933654785","2.845632791519165"
"262","163698","163387","164009","3.064563952959501","3.0596816539764404","3.0694446563720703","163698","163387","164009","2.832935306506279","2.828876256942749","2.8370590209960938"
"263","164324","164013","164635","3.0550206242463527","3.050417423248291","3.0596513748168945","164324","164013","164635","2.8249617157838283","2.8210833072662354","2.828852653503418"
"264","164950","164639","165261","3.046027599236904","3.041682481765747","3.050389528274536","164950","164639","165261","2.8173211774764915","2.8136203289031982","2.821059465408325"
"265","165576","165265","165887","3.037553975979487","3.0334396362304688","3.0416555404663086","165576","165265","165887","2.8100849519937467","2.806593179702759","2.8135974407196045"
"266","166202","165891","166513","3.0295370396895285","3.025646209716797","3.033414840698242","166202","165891","166513","2.8031949431468277","2.7998359203338623","2.806572437286377"
"267","166828","166517","167139","3.02196650321667","3.0183002948760986","3.0256223678588867","166828","166517","167139","2.7966296802728605","2.7934746742248535","2.7998156547546387"
"268","167454","167143","167765","3.01482309286411","3.0113468170166016","3.018278121948242","167454","167143","167765","2.7904574145109224","2.787471055984497","2.7934553623199463"
"269","168080","167769","168391","3.0080997141507955","3.0048811435699463","3.0113255977630615","168080","167769","168391","2.784625144341053","2.781834840774536","2.7874531745910645"
"270","168706","168395","169017","3.001821741843835","2.9988012313842773","3.0048606395721436","168706","168395","169017","2.7791563868522644","2.776498317718506","2.7818186283111572"
"271","169332","169021","169643","2.9959371854097414","2.993107557296753","2.998783588409424","169332","169021","169643","2.7739791434544783","2.7714834213256836","2.776482105255127"
"272","169958","169647","170269","2.990434800967192","2.9877805709838867","2.993090867996216","169958","169647","170269","2.7691257504316478","2.7667911052703857","2.7714684009552"
"273","170584","170273","170895","2.9852765531111984","2.9828133583068848","2.987764835357666","170584","170273","170895","2.764588333857365","2.7624008655548096","2.7667765617370605"
"274","171210","170899","171521","2.9805097113817167","2.9782278537750244","2.9827985763549805","171210","170899","171521","2.760348251232734","2.758319139480591","2.762387752532959"
"275","171836","171525","172147","2.976083911382235","2.9739489555358887","2.9782140254974365","171836","171525","172147","2.7564069689848485","2.7545080184936523","2.7583072185516357"
"276","172462","172151","172773","2.971963877861316","2.9700050354003906","2.973936080932617","172462","172151","172773","2.7527364584115834","2.750983953475952","2.7544965744018555"
"277","173088","172777","173399","2.9681684925005984","2.966350555419922","2.9699933528900146","173088","172777","173399","2.7493505638379316","2.7477269172668457","2.750973701477051"
"278","173714","173403","174025","2.9646694522637587","2.963012218475342","2.9663398265838623","173714","173403","174025","2.7462320373608518","2.7447333335876465","2.7477173805236816"
"279","174340","174029","174651","2.9614667334617715","2.9599318504333496","2.9630026817321777","174340","174029","174651","2.743358376698616","2.741992235183716","2.7447245121002197"
"280","174966","174655","175277","2.9585344921319914","2.957141876220703","2.959923028945923","174966","174655","175277","2.74073095810719","2.739483118057251","2.7419841289520264"
"281","175592","175281","175903","2.955874353647232","2.954617500305176","2.9571337699890137","175592","175281","175903","2.738331506649653","2.7372021675109863","2.739475727081299"
"282","176218","175907","176529","2.9534772779697027","2.95234751701355","2.9546103477478027","176218","175907","176529","2.736167679230372","2.7351346015930176","2.7371957302093506"
"283","176844","176533","177155","2.9513168648267403","2.9502947330474854","2.952340841293335","176844","176533","177155","2.73420847990574","2.733288526535034","2.735128879547119"
"284","177470","177159","177781","2.9493763935871615","2.9484646320343018","2.950289011001587","177470","177159","177781","2.732458011462138","2.731633186340332","2.733283042907715"
"285","178096","177785","178407","2.9476506297404947","2.9468469619750977","2.9484593868255615","178096","177785","178407","2.7308927315932054","2.7301576137542725","2.73162841796875"
"286","178722","178411","179033","2.946143267246393","2.9454398155212402","2.9468424320220947","178722","178411","179033","2.729507406552633","2.7288620471954346","2.7301535606384277"
"287","179348","179037","179659","2.9448177279570165","2.9441967010498047","2.9454357624053955","179348","179037","179659","2.7282974750567703","2.7277379035949707","2.728858470916748"
"288","179974","179663","180285","2.9436595126604423","2.9431283473968506","2.9441933631896973","179974","179663","180285","2.7272484042705636","2.726762533187866","2.7277350425720215"
"289","180600","180289","180911","2.9426727982667775","2.9422197341918945","2.9431254863739014","180600","180289","180911","2.726345801200622","2.725931406021118","2.726759910583496"
"290","181226","180915","181537","2.9418362256808157","2.9414565563201904","2.9422173500061035","181226","180915","181537","2.7255799648089285","2.7252326011657715","2.7259292602539062"
"291","181852","181541","182163","2.9411420776293826","2.940828561782837","2.9414546489715576","181852","181541","182163","2.7249416823570547","2.7246525287628174","2.7252306938171387"
"292","182478","182167","182789","2.9405726882127614","2.940317392349243","2.9408271312713623","182478","182167","182789","2.724415261011857","2.724181890487671","2.7246508598327637"
"293","183104","182793","183415","2.940115063618391","2.939915418624878","2.9403159618377686","183104","182793","183415","2.7239964612019367","2.723811626434326","2.7241806983947754"
"294","183730","183419","184041","2.939760669683799","2.939606189727783","2.9399144649505615","183730","183419","184041","2.723669332571519","2.723527431488037","2.7238106727600098"
"295","184356","184045","184667","2.9394920460688763","2.939378499984741","2.939605712890625","184356","184045","184667","2.7234222567998447","2.723317861557007","2.7235267162323"
"296","184982","184671","185293","2.939298528127181","2.9392201900482178","2.939377784729004","184982","184671","185293","2.7232445638913374","2.7231719493865967","2.7233173847198486"
"297","185608","185297","185919","2.9391694275232463","2.939119338989258","2.9392199516296387","185608","185297","185919","2.7231255059058848","2.7230794429779053","2.7231717109680176"
"298","186234","185923","186545","2.9390905109735637","2.9390621185302734","2.9391188621520996","186234","185923","186545","2.7230534759851603","2.723027467727661","2.7230794429779053"
"299","186860","186549","187171","2.9390495136762276","2.9390368461608887","2.9390621185302734","186860","186549","187171","2.7230161222127767","2.7230048179626465","2.723027467727661"
"300","187486","187175","187797","2.939034179235116","2.9390316009521484","2.9390368461608887","187486","187175","187797","2.723002112064606","2.7229995727539062","2.7230048179626465"