"epoch","mobilenet_Task Activation Function_all relu_Monday_17_March_2025_01h_35m_50s - _step","mobilenet_Task Activation Function_all relu_Monday_17_March_2025_01h_35m_50s - _step__MIN","mobilenet_Task Activation Function_all relu_Monday_17_March_2025_01h_35m_50s - _step__MAX","mobilenet_Task Activation Function_all relu_Monday_17_March_2025_01h_35m_50s - Train/loss","mobilenet_Task Activation Function_all relu_Monday_17_March_2025_01h_35m_50s - Train/loss__MIN","mobilenet_Task Activation Function_all relu_Monday_17_March_2025_01h_35m_50s - Train/loss__MAX","mobilenet_Task Activation Function_4,5,6,7,8,9,10_Monday_17_March_2025_01h_35m_47s - _step","mobilenet_Task Activation Function_4,5,6,7,8,9,10_Monday_17_March_2025_01h_35m_47s - _step__MIN","mobilenet_Task Activation Function_4,5,6,7,8,9,10_Monday_17_March_2025_01h_35m_47s - _step__MAX","mobilenet_Task Activation Function_4,5,6,7,8,9,10_Monday_17_March_2025_01h_35m_47s - Train/loss","mobilenet_Task Activation Function_4,5,6,7,8,9,10_Monday_17_March_2025_01h_35m_47s - Train/loss__MIN","mobilenet_Task Activation Function_4,5,6,7,8,9,10_Monday_17_March_2025_01h_35m_47s - Train/loss__MAX"
"1","327.6363636363636","2","614","4.134282675656405","3.639906883239746","4.848346710205078","284.2631578947368","6","622","4.182184300924602","3.5767593383789062","4.858158111572266"
"2","953.2903225806451","644","1242","3.6025896303115355","3.271604299545288","3.9016311168670654","963.2903225806451","644","1228","3.4955083093335553","3.1724562644958496","3.6972692012786865"
"3","1572.4848484848485","1258","1860","3.2595179586699516","3.04600191116333","3.472285032272339","1549.2820512820513","1268","1862","3.1213411062191696","2.797515392303467","3.5974044799804688"
"4","2160.4848484848485","1904","2492","3.0329502206860166","2.749316930770874","3.3399713039398193","2198.1","1882","2496","2.867857259511948","2.546708345413208","3.204446792602539"
"5","2803","2506","3120","2.810336938271156","2.5260252952575684","3.090391159057617","2796.102564102564","2520","3124","2.6392189661661782","2.4302127361297607","2.977799415588379"
"6","3483.5263157894738","3138","3750","2.5817499348991797","2.2812721729278564","2.85528564453125","3468.242424242424","3136","3742","2.5030881347078267","2.2761383056640625","2.883007764816284"
"7","4039.315789473684","3756","4348","2.465298138166729","2.0465030670166016","2.7007596492767334","4095.3846153846152","3762","4320","2.3902061535761905","2.113295555114746","2.699066400527954"
"8","4675.025641025641","4400","5004","2.351495302640475","2.107436418533325","2.7200844287872314","4650.65","4396","4962","2.285944426059723","2.0117976665496826","2.6246273517608643"
"9","5337.1578947368425","5034","5628","2.2095817045161597","1.8497775793075562","2.458019733428955","5333.090909090909","5010","5618","2.185263525355946","1.892387866973877","2.5078537464141846"
"10","5905.935483870968","5638","6254","2.1217673170951104","1.858150839805603","2.44590163230896","5910.466666666666","5666","6252","2.1308244705200194","1.901209831237793","2.469994306564331"
"11","6565.764705882353","6270","6880","2.0532603965086094","1.7487082481384277","2.381850481033325","6560.645161290323","6292","6882","2.079075317228994","1.85979163646698","2.3155152797698975"
"12","7179.235294117647","6900","7476","1.9331673734328325","1.641232967376709","2.2414982318878174","7142.9655172413795","6886","7502","2.023769164907521","1.7163246870040894","2.4263317584991455"
"13","7826.7441860465115","7526","8124","1.9017283084780672","1.5848159790039062","2.252336263656616","7809.806451612903","7542","8128","1.9880769675777805","1.6332900524139404","2.327381134033203"
"14","8404.322580645161","8158","8730","1.838988438729317","1.637189507484436","2.1836042404174805","8454.222222222223","8140","8758","1.9340059922801123","1.6619611978530884","2.2298645973205566"
"15","9065.333333333334","8782","9362","1.8022690277833204","1.540692925453186","2.034648895263672","9034.4","8788","9384","1.9019548892974854","1.5793222188949585","2.189223051071167"
"16","9734.484848484848","9496","10000","1.7278595982175884","1.481548547744751","1.9767959117889404","9712.27027027027","9398","9990","1.9370634716910284","1.6548813581466675","2.299767255783081"
"17","10292","10022","10634","1.707636821269989","1.5077152252197266","2.011744976043701","10368.81081081081","10066","10638","1.855388286951426","1.4778317213058472","2.039299249649048"
"18","10960.146341463415","10660","11250","1.659628978589686","1.433699369430542","1.9076982736587524","10954.214285714286","10644","11262","1.798134207725525","1.5382379293441772","2.034959316253662"
"19","11566.564102564103","11272","11862","1.661846915880839","1.2789428234100342","2.005779981613159","11515.857142857143","11278","11830","1.8060672666345323","1.5321812629699707","2.1372666358947754"
"20","12226.594594594595","11912","12502","1.6122917838998743","1.3369276523590088","1.8597253561019897","12219.166666666666","11896","12514","1.787777046362559","1.5491282939910889","2.0426278114318848"
"21","12784.756756756757","12524","13122","1.6176090337134696","1.3055756092071533","2.0435807704925537","12858","12520","13138","1.7729724157940259","1.4209829568862915","2.168710231781006"
"22","13421.454545454546","13168","13746","1.6130458297151509","1.2907752990722656","1.8870476484298706","13486.5","13176","13766","1.7898618231217067","1.387731909751892","2.024832248687744"
"23","14092.176470588236","13782","14376","1.6131070256233215","1.228100299835205","1.9709303379058838","14074.457142857143","13774","14386","1.6784183842795235","1.3840264081954956","1.9306391477584839"
"24","14662.275862068966","14402","15002","1.514587348905103","1.2899285554885864","1.8780421018600464","14662","14422","15006","1.6408725686189605","1.4339799880981445","1.919837236404419"
"25","15305.684210526315","15046","15622","1.580368198846516","1.3045086860656738","1.790410041809082","15362.432432432432","15038","15630","1.6800983242086462","1.425334095954895","1.9691436290740967"
"26","15953.6","15656","16242","1.5565658739634922","1.287063717842102","1.8858362436294556","16011.371428571429","15660","16270","1.659061632837568","1.3171371221542358","2.034808397293091"
"27","16613.88888888889","16310","16890","1.5261087318261464","1.2100588083267212","1.7923458814620972","16616.96551724138","16316","16896","1.66751125352136","1.3844014406204224","1.9970216751098633"
"28","17240.052631578947","16908","17520","1.4886308751608197","1.2080663442611694","1.80398428440094","17182.764705882353","16904","17518","1.6053860292715185","1.30342698097229","1.8725706338882446"
"29","17867.379310344826","17528","18148","1.4955168798052032","1.2401732206344604","1.8318291902542114","17816.8","17532","18148","1.5603213548660277","1.2041752338409424","1.8504129648208618"
"30","18478.6","18226","18756","1.4719252943992616","0.9984691143035889","1.70856511592865","18437.243243243243","18156","18754","1.5754998890129295","1.2212921380996704","1.8079025745391846"
"31","19098.27027027027","18816","19364","1.430701097926578","1.09913170337677","1.7568979263305664","19099.379310344826","18780","19360","1.5816103507732522","1.3122588396072388","1.8506983518600464"
"32","19784.46153846154","19412","20028","1.4500146554066584","1.2438061237335205","1.8834292888641357","19758.947368421053","19448","20028","1.61722595440714","1.19401216506958","1.930564284324646"
"33","20325.285714285714","20084","20652","1.4061977040200007","1.2060710191726685","1.6469404697418213","20310.969696969696","20042","20630","1.583451473351681","1.371861457824707","1.9636249542236328"
"34","20989.764705882353","20664","21252","1.4209355431444504","1.2161744832992554","1.7739847898483276","20950.8","20694","21274","1.550711829321725","1.4188408851623535","1.743896722793579"
"35","21556.916666666668","21286","21890","1.3996771623690922","1.2081778049468994","1.5386110544204712","21601.777777777777","21288","21894","1.5245015621185303","1.3382160663604736","1.705936074256897"
"36","22241.933333333334","21924","22512","1.4203909397125245","1.1042144298553467","1.6797459125518799","22191.076923076922","21918","22520","1.5512867462940705","1.3306102752685547","1.7837928533554077"
"37","22859.25925925926","22562","23150","1.4188312512856942","1.094014048576355","1.9695289134979248","22802.1","22542","23146","1.5091599702835083","1.2697724103927612","1.7699083089828491"
"38","23455.285714285714","23194","23732","1.3934272059372492","1.183017373085022","1.7568631172180176","23456.972972972973","23180","23726","1.579872965812683","1.304728388786316","1.841737985610962"
"39","24093.17948717949","23794","24394","1.3673300070640368","1.1908396482467651","1.8508926630020142","24092.25","23790","24402","1.4855736419558525","1.1235235929489136","1.9385744333267212"
"40","24705.52380952381","24426","25030","1.3439498657271975","1.0608829259872437","1.6881589889526367","24756.571428571428","24426","25030","1.4973409618650164","1.255760908126831","1.8599523305892944"
"41","25373.652173913044","25048","25604","1.308861722116885","1.0518563985824585","1.633625864982605","25400.88888888889","25050","25662","1.4848566783799066","1.2420628070831299","1.796788215637207"
"42","25942","25678","26270","1.3261202441321478","0.9308249950408936","1.5910283327102661","25948","25666","26270","1.464578339928075","1.244786262512207","1.636335849761963"
"43","26623.375","26294","26910","1.316960783675313","0.9584053158760071","1.5648274421691895","26571.677419354837","26294","26902","1.4198368287855578","1.1640375852584839","1.6972131729125977"
"44","27242.31111111111","26924","27538","1.315973703066508","1.0641169548034668","1.5490161180496216","27162.85714285714","26934","27508","1.426575095312936","1.0767765045166016","1.6611216068267822"
"45","27872.96551724138","27544","28146","1.3158445892662838","1.1249014139175415","1.6652911901474","27866.533333333333","27558","28154","1.4715730163786147","1.0459909439086914","1.7802597284317017"
"46","28510.5","28214","28776","1.277802939925875","1.072368860244751","1.5248451232910156","28453.257142857143","28176","28788","1.4427890402930124","1.0814948081970215","1.7037205696105957"
"47","29136.088888888888","28826","29416","1.3115063879224989","1.0524448156356812","1.71916663646698","29115.833333333332","28826","29392","1.4110329614745245","1.086450457572937","1.8185439109802246"
"48","29722.24","29430","30038","1.2766021299362182","1.070923924446106","1.5305956602096558","29690.897959183672","29424","30030","1.3928438181779823","1.1043027639389038","1.6149131059646606"
"49","30344.590909090908","30054","30660","1.2608149376782505","0.9709774255752563","1.5549018383026123","30304.30769230769","30062","30668","1.3752643465995789","1.0571703910827637","1.6381837129592896"
"50","30950.285714285714","30674","31268","1.2721763610839845","1.0540268421173096","1.545364260673523","30939","30676","31266","1.3608230446514331","1.081641435623169","1.6279730796813965"
"51","31668.263157894737","31314","31916","1.2840855780400728","1.0651119947433472","1.5555909872055054","31668.277777777777","31304","31914","1.4175060623221927","1.1048396825790405","1.6722818613052368"
"52","32214.266666666666","31926","32538","1.2391565004984537","0.9853545427322388","1.7807410955429077","32210.05","31926","32524","1.3633446246385574","1.1594303846359253","1.6871753931045532"
"53","32861","32562","33170","1.2503180801868439","0.9683423638343811","1.541446566581726","32820","32554","33154","1.3554076185593238","1.0950759649276733","1.7355576753616333"
"54","33481.11111111111","33230","33780","1.2040856861405902","0.8489649891853333","1.598225474357605","33475.48387096774","33198","33796","1.364450466248297","1.0569961071014404","1.7173441648483276"
"55","34082","33808","34426","1.2332275026553385","0.917870044708252","1.5745518207550049","34199.769230769234","33850","34416","1.3613446996762202","1.192918062210083","1.5592797994613647"
"56","34722.46153846154","34456","34960","1.1947681170243483","0.9149461984634399","1.4819873571395874","34735.42105263158","34442","35030","1.3293142193242122","0.9984872341156006","1.5877649784088135"
"57","35373.85","35078","35674","1.217626440525055","1.0129709243774414","1.681734323501587","35387.11111111111","35058","35672","1.3708772615150169","1.1511411666870117","1.65471351146698"
"58","35985.55","35708","36298","1.2023178175091744","0.9995787739753723","1.6123502254486084","35980.68421052631","35690","36300","1.344782321076644","1.0576623678207397","1.6870841979980469"
"59","36636.47619047619","36320","36930","1.1688834783576785","0.9311330914497375","1.352966547012329","36606.055555555555","36308","36910","1.3472160432073805","1.1590204238891602","1.6171951293945312"
"60","37238.24","36958","37534","1.1519488906860351","0.9085075855255127","1.4210878610610962","37263.42857142857","36958","37544","1.3422008207866123","1.0964769124984741","1.6076560020446777"
"61","37862.944444444445","37562","38180","1.1688568227820926","0.9361540675163269","1.516071081161499","37860.75862068965","37560","38174","1.2823284165612583","1.0232675075531006","1.5024958848953247"
"62","38498","38188","38762","1.1701111098130543","0.8699710965156555","1.4789806604385376","38473.333333333336","38186","38802","1.338005440102683","1.1219146251678467","1.6357437372207642"
"63","39113.67567567567","38814","39412","1.1709714322476774","0.8445928692817688","1.4828379154205322","39182.36363636364","38890","39424","1.3063791502605786","1.033664584159851","1.5151480436325073"
"64","39748.4","39446","40038","1.1894977831840514","0.9037277698516846","1.3865129947662354","39725.53846153846","39452","40052","1.3039657656963055","0.9881650805473328","1.5588425397872925"
"65","40353.87096774193","40064","40662","1.1745480971951638","0.892581582069397","1.515086054801941","40386.181818181816","40112","40668","1.3061858560099746","1.0083065032958984","1.5406590700149536"
"66","40998.06451612903","40690","41280","1.1468637239548467","0.8956088423728943","1.3776005506515503","40975.625","40704","41292","1.2678112536668777","0.977178692817688","1.5310475826263428"
"67","41600.375","41320","41914","1.1373805534094572","0.9629639387130737","1.363213062286377","41699.22222222222","41380","41930","1.3580598168902926","1.1516427993774414","1.618086576461792"
"68","42278.642857142855","41944","42554","1.1456865263836724","0.9323297739028931","1.55622398853302","42231.379310344826","41942","42548","1.2918793497414425","0.9831000566482544","1.5890086889266968"
"69","42874","42590","43152","1.149070682624976","0.9057532548904419","1.4226830005645752","42920.8275862069","42590","43168","1.31104472176782","1.150747299194336","1.5593279600143433"
"70","43527.82352941176","43226","43810","1.1433915338095497","0.9169203042984009","1.3805261850357056","43507.84210526316","43198","43800","1.257853045275337","0.9341248869895935","1.5676950216293335"
"71","44103.851851851854","43848","44402","1.1089418596691556","0.8498228192329407","1.498039960861206","44120.311111111114","43824","44432","1.2606856187184652","0.7660007476806641","1.6552714109420776"
"72","44783.875","44448","45066","1.1566124893724918","0.8780577778816223","1.4874367713928223","44794.23529411765","44512","45066","1.2834000973140491","0.8001580834388733","1.5417793989181519"
"73","45338.36363636364","45074","45676","1.1367271903789404","0.9060385227203369","1.4870351552963257","45407.86666666667","45072","45678","1.2351528882980347","1.0044432878494263","1.6264724731445312"
"74","45994.58536585366","45718","46316","1.0811844700720252","0.8852200508117676","1.4259592294692993","45979.030303030304","45704","46300","1.2582799178181272","0.9828522801399231","1.4476691484451294"
"75","46594.04651162791","46324","46946","1.0908163688903632","0.7846786975860596","1.3238378763198853","46672.666666666664","46344","46942","1.242332075581406","1.0370779037475586","1.5004334449768066"
"76","47275.560975609755","46952","47538","1.1134977093557032","0.8278787136077881","1.508476734161377","47191.82352941176","46962","47502","1.2009754987323986","0.9349584579467773","1.4307804107666016"
"77","47848.125","47596","48198","1.068226432427764","0.7080267071723938","1.387717366218567","47874.27777777778","47592","48198","1.1821973191367254","0.9360609650611877","1.5179551839828491"
"78","48537.8064516129","48242","48824","1.151073117409983","0.8675336837768555","1.4872381687164307","48507.72972972973","48218","48810","1.213480549889642","0.8802070021629333","1.4957120418548584"
"79","49109.78947368421","48876","49416","1.1353660006272166","0.9156737327575684","1.4170634746551514","49139.743589743586","48834","49444","1.234438853386121","1.0241354703903198","1.4216301441192627"
"80","49736.91428571429","49468","50050","1.057832590171269","0.840782105922699","1.291579246520996","49762.28571428572","49468","50058","1.1998092310769217","0.8425700664520264","1.428981900215149"
"81","50357.61111111111","50086","50676","1.0525656276279025","0.8175466656684875","1.41131591796875","50392.72","50112","50692","1.1962537145614625","0.9183531403541565","1.486352562904358"
"82","51020","50736","51320","1.0798556098812504","0.8655732870101929","1.3551758527755737","51032.55","50712","51326","1.181153766810894","0.9748165011405945","1.4113049507141113"
"83","51619.125","51344","51936","1.037540327757597","0.7911697626113892","1.3266494274139404","51658.84848484849","51366","51948","1.1767479181289673","0.9403051733970642","1.4134190082550049"
"84","52271.15789473684","51958","52580","1.0600119154704244","0.8302467465400696","1.311814546585083","52153.642857142855","51958","52458","1.158237059201513","0.9627920985221863","1.4714672565460205"
"85","52917.10526315789","52590","53192","1.0816592213354612","0.8386449813842773","1.3198564052581787","52887.26829268293","52590","53206","1.1974972152128451","0.8928138017654419","1.5695326328277588"
"86","53502.75","53218","53826","1.02651906311512","0.7756338119506836","1.5216543674468994","53539.41176470588","53226","53816","1.173901715699364","0.9350323677062988","1.4822111129760742"
"87","54158.846153846156","53838","54432","1.055524644943384","0.8707713484764099","1.3819950819015503","54139.333333333336","53838","54456","1.176363224332983","0.9285783171653748","1.4667315483093262"
"88","54779.45945945946","54466","55082","1.0348207628404773","0.7165490984916687","1.2544716596603394","54722.86666666667","54486","55078","1.1509352604548135","0.9424909949302673","1.3429168462753296"
"89","55369.93548387097","55140","55686","1.0185790023496073","0.7666963934898376","1.2262879610061646","55399.757575757576","55098","55694","1.180146909121311","0.9181486368179321","1.4621784687042236"
"90","56001.6","55726","56302","1.045053372780482","0.8397980332374573","1.2875139713287354","55980.3125","55714","56322","1.1405249256640673","0.8645482063293457","1.4566893577575684"
"91","56647.375","56342","56906","1.0373148582875729","0.7900989055633545","1.3270068168640137","56674.4375","56380","56918","1.1816827803850174","1.0198075771331787","1.4022058248519897"
"92","57261.294117647056","56996","57580","1.0034092454349293","0.7670477628707886","1.4052833318710327","57324.71428571428","57030","57552","1.1394756457635336","0.9851710796356201","1.3369652032852173"
"93","57909.71428571428","57604","58194","1.0017906640257155","0.7868651747703552","1.2993669509887695","57919.83783783784","57604","58196","1.118153046917271","0.8078067302703857","1.4059394598007202"
"94","58555.38888888889","58218","58836","1.0180951638354196","0.8001755475997925","1.3336782455444336","58529.24324324324","58224","58818","1.084251563291292","0.8448859453201294","1.3619250059127808"
"95","59160.35294117647","58844","59460","1.0207490272381727","0.694273829460144","1.3541756868362427","59131.94117647059","58854","59464","1.0931231011362637","0.8840581178665161","1.2938240766525269"
"96","59762.73333333333","59478","60092","0.954316649834315","0.7245309948921204","1.2082022428512573","59742.514285714286","59478","60050","1.1335033212389265","0.8878394365310669","1.4343091249465942"
"97","60476.91891891892","60138","60702","1.0335569961650952","0.7617278695106506","1.377360224723816","60406.137931034486","60096","60688","1.0877039370865658","0.884145975112915","1.4049453735351562"
"98","61045.09090909091","60732","61344","1.0019245757298036","0.7189849019050598","1.2711966037750244","61000.705882352944","60738","61332","1.0738541992271649","0.8713538646697998","1.369065761566162"
"99","61718.45","61364","61966","1.0149235501885414","0.7502622008323669","1.3789668083190918","61609.86666666667","61348","61948","1.0595272044340769","0.8598966002464294","1.3912760019302368"
"100","62226.380952380954","61976","62550","0.968784423101516","0.6842596530914307","1.149060845375061","62292.58064516129","61988","62588","1.0699489501214796","0.7457045912742615","1.3347328901290894"
"101","62953.6","62642","63208","1.0010597205162048","0.6949577927589417","1.2693016529083252","62899.333333333336","62626","63220","1.0772323939535353","0.7946727275848389","1.265059471130371"
"102","63558.242424242424","63246","63846","0.9691976435256727","0.732469916343689","1.3593480587005615","63539.40740740741","63234","63848","1.0893522743825559","0.8516319394111633","1.4171421527862549"
"103","64168.1875","63900","64462","0.9487659819424152","0.7050968408584595","1.319848656654358","64104.055555555555","63868","64452","1.0151717745595508","0.8096107840538025","1.4786027669906616"
"104","64762.46153846154","64492","65086","0.9457398309157445","0.7034261226654053","1.1410232782363892","64765.757575757576","64478","65056","1.017349640528361","0.7817108035087585","1.2074257135391235"
"105","65382.555555555555","65106","65726","0.9190581010447608","0.649827241897583","1.185229778289795","65407.64705882353","65104","65712","1.0554904464413137","0.8468664288520813","1.3473809957504272"
"106","66012","65732","66296","0.9201608200867971","0.6891071796417236","1.1522167921066284","66055.54838709677","65750","66348","1.023023791851536","0.7951375842094421","1.2550541162490845"
"107","66683.18518518518","66376","66968","0.9635255071851943","0.6949581503868103","1.1768749952316284","66670.89655172414","66358","66978","1.0768320498795345","0.8770185708999634","1.281762719154358"
"108","67287.8918918919","66982","67604","0.9586831266815597","0.7521877288818359","1.288680076599121","67304.52380952382","66984","67598","1.0138802570956094","0.7680290341377258","1.3381588459014893"
"109","67873.6","67628","68176","0.8757364869117736","0.706789493560791","1.0858063697814941","67876.38095238095","67638","68214","1.0436261296272278","0.8152180314064026","1.2656813859939575"
"110","68565.71428571429","68250","68822","0.921022681253297","0.7938393354415894","1.1395713090896606","68545.29411764706","68236","68850","1.0144506237086128","0.7701041102409363","1.2184332609176636"
"111","69164.46666666666","68916","69462","0.9125178277492523","0.6988587975502014","1.085052490234375","69173.8947368421","68866","69470","1.000931713141893","0.7743275761604309","1.1936063766479492"
"112","69772.4","69526","70108","0.8899563282728196","0.6745857000350952","1.069695234298706","69814.43478260869","69502","70076","0.9963969691939976","0.8134824633598328","1.2702316045761108"
"113","70371.27272727272","70118","70662","0.8799815250165535","0.6234971880912781","1.094241738319397","70385.14285714286","70112","70728","0.9651884317398072","0.6618998646736145","1.2334961891174316"
"114","71061.25925925926","70744","71348","0.943974393385428","0.715511679649353","1.1708564758300781","71100.71428571429","70756","71356","1.0124190875462122","0.8110100030899048","1.342495083808899"
"115","71675.92","71378","71978","0.8715958166122436","0.6174561977386475","1.3131427764892578","71688.3448275862","71390","71974","1.0129542679622257","0.719489336013794","1.2217519283294678"
"116","72267.73333333334","71994","72566","0.8794099847475688","0.662274956703186","1.286786437034607","72291.08571428571","71992","72610","0.9635613782065255","0.7147822380065918","1.1780943870544434"
"117","72893.31578947368","72644","73238","0.8553562007452312","0.6453292369842529","1.2437375783920288","72896.66666666667","72618","73234","0.9732855492168002","0.7793834209442139","1.1767938137054443"
"118","73513.53846153847","73262","73850","0.8620820641517639","0.5544003248214722","1.2685602903366089","73622.55172413793","73246","73854","0.9993278774721869","0.6855595111846924","1.279046893119812"
"119","74175.4705882353","73886","74458","0.8240499005598181","0.5437409281730652","1.0614910125732422","74193.37142857142","73878","74488","0.9403828110013689","0.7629095315933228","1.1087383031845093"
"120","74819.3125","74504","75076","0.8593139946460724","0.5634719729423523","1.1333508491516113","74795.61111111111","74500","75114","0.946926924917433","0.7110047936439514","1.2500712871551514"
"121","75432.75862068965","75132","75742","0.8547572678533094","0.5831840634346008","1.1163312196731567","75443.7","75148","75716","0.935308714210987","0.6244280338287354","1.2949833869934082"
"122","76018.9696969697","75768","76328","0.8317917567310911","0.6337897181510925","1.253414273262024","76076.94444444444","75796","76348","0.9361222121450636","0.7332105040550232","1.3063123226165771"
"123","76715.87878787878","76410","76994","0.839759723706679","0.6099332571029663","1.2537864446640015","76663.69230769231","76374","76964","0.9028491721703455","0.6045390367507935","1.0949578285217285"
"124","77254.76470588235","77002","77620","0.8041429572245654","0.6254686713218689","1.0515753030776978","77306.86666666667","77006","77620","0.9370449940363567","0.6880742907524109","1.2788498401641846"
"125","77941.85","77652","78234","0.8086716085672379","0.5495975017547607","1.0308315753936768","77944.64285714286","77626","78212","0.9145544043609074","0.5735049843788147","1.1520060300827026"
"126","78550.85714285714","78258","78852","0.8025313769068037","0.6033515334129333","1.0302774906158447","78576.30303030302","78264","78870","0.8990253282315803","0.7075725793838501","1.1110730171203613"
"127","79173","78878","79472","0.7746307607740164","0.5782672166824341","0.9355202317237854","79177.38461538461","78886","79496","0.8877956424003992","0.6836458444595337","1.170371174812317"
"128","79820.66666666667","79512","80112","0.7920793052072879","0.5770566463470459","1.1475038528442383","79855.3125","79546","80112","0.9106922466307878","0.6452578902244568","1.1309888362884521"
"129","80445.03448275862","80174","80716","0.8158343372673824","0.6628801822662354","0.9949200749397278","80422.45714285714","80140","80750","0.881184218611036","0.6290384531021118","1.1063345670700073"
"130","81079.25","80798","81366","0.8194925356656313","0.55564945936203","1.0794711112976074","81114","80760","81354","0.8550750732421875","0.6544553637504578","1.1204394102096558"
"131","81639.80952380953","81380","81932","0.7668894841557458","0.5351544618606567","1.088510274887085","81652.91891891892","81400","81966","0.8638523043812932","0.6199109554290771","1.0398437976837158"
"132","82337.125","82036","82628","0.78458621352911","0.5585619211196899","1.033536672592163","82294","82032","82614","0.8276516939031666","0.6652950644493103","1.0455684661865234"
"133","82884.7741935484","82634","83196","0.7456792987162068","0.487392395734787","0.9898210167884827","82958.58823529411","82642","83254","0.8755259128177867","0.6155403852462769","1.1594605445861816"
"134","83589.21052631579","83272","83878","0.7712969670170232","0.558632493019104","1.118821382522583","83535.53846153847","83278","83876","0.8395385864453438","0.6300358772277832","1.1700917482376099"
"135","84191.76923076923","83886","84496","0.751969582759417","0.5377710461616516","1.093161702156067","84217.25925925926","83890","84482","0.8232888932581301","0.4939556121826172","1.0117764472961426"
"136","84860.64285714286","84528","85114","0.7295510641166142","0.5815383195877075","0.9477671384811401","84842.56410256411","84532","85132","0.8276518690280426","0.5507097244262695","1.0334570407867432"
"137","85506.21428571429","85154","85736","0.7328207982437951","0.523169755935669","1.193673014640808","85458.17647058824","85158","85750","0.8327390884651857","0.6514437198638916","0.986318826675415"
"138","86049","85780","86350","0.6970922855230478","0.5367658734321594","0.889738142490387","86050.47619047618","85762","86378","0.806698678504853","0.5467846393585205","0.9549346566200256"
"139","86666.1081081081","86400","87010","0.7453062437676095","0.5104568004608154","0.9761078357696533","86640.36842105263","86394","86958","0.768043831775063","0.5538792014122009","1.076300859451294"
"140","87344.05882352941","87020","87622","0.7132957490051494","0.5630412697792053","1.0125268697738647","87359.24137931035","87060","87630","0.8277702002689756","0.5879586338996887","1.055024266242981"
"141","87945.17073170732","87648","88228","0.7201233229986052","0.5132886171340942","0.9710656404495239","87925.77142857143","87666","88244","0.7660953521728515","0.6272864937782288","1.0653525590896606"
"142","88623.5","88282","88886","0.7138593159615993","0.5042356252670288","1.032779574394226","88574.34146341463","88278","88862","0.8019162867127395","0.586281955242157","1.162519097328186"
"143","89158.5","88892","89504","0.7184674721211195","0.4981492757797241","1.0652178525924683","89180.47368421052","88922","89478","0.7962494602328852","0.6032269597053528","1.1296939849853516"
"144","89839.33333333333","89526","90106","0.687154098198964","0.4713558852672577","0.8706225156784058","89830.76923076923","89558","90134","0.7634458839893341","0.6322173476219177","0.9109923243522644"
"145","90441.13043478261","90152","90754","0.695541306682255","0.43214404582977295","0.930853545665741","90422.05714285714","90144","90766","0.7530289649963379","0.5729885101318359","0.9686005115509033"
"146","91080.23076923077","90770","91374","0.6464190185070038","0.5242281556129456","0.8017315864562988","91067.39393939394","90774","91358","0.7712529464201494","0.6146777272224426","0.936547577381134"
"147","91741.76470588235","91424","91990","0.6611446291208267","0.4745786488056183","0.8794646263122559","91692.22222222222","91402","92002","0.7527099914020963","0.5568771958351135","0.9910283088684082"
"148","92337.30434782608","92082","92632","0.6615413492140563","0.43935051560401917","0.8769662380218506","92287.83333333333","92036","92632","0.7352076595028242","0.4330330789089203","0.9812251329421997"
"149","92944.23809523809","92666","93268","0.6382260727030891","0.4424891173839569","0.861165463924408","92965.4","92652","93270","0.7166906197865804","0.5168794393539429","1.02548348903656"
"150","93554.68421052632","93280","93872","0.6235564704004087","0.42455387115478516","0.8414544463157654","93633.42857142857","93304","93896","0.7329623571463993","0.5464045405387878","0.9854882955551147"
"151","94185.8","93922","94518","0.6353401531775792","0.3613743185997009","0.8019815683364868","94184.41176470589","93914","94508","0.7081799384425668","0.5440719723701477","0.9128379821777344"
"152","94857.79310344828","94534","95132","0.6336769985741583","0.47414150834083557","0.8748090863227844","94828.66666666667","94526","95144","0.7101362889463251","0.5297159552574158","0.9610663056373596"
"153","95469.61904761905","95158","95768","0.6250923488821302","0.35986173152923584","0.9885295629501343","95453.02564102564","95152","95748","0.6803433161515456","0.47098642587661743","0.9318565130233765"
"154","96054.5142857143","95778","96382","0.6195674461977823","0.39858388900756836","0.785126268863678","96064.1052631579","95790","96380","0.6922002183763605","0.5346559882164001","0.9211241006851196"
"155","96716.35897435897","96404","96998","0.6275582642127306","0.4158128499984741","0.8746724724769592","96722.45714285714","96408","97012","0.6858144794191633","0.5456182956695557","0.8908259868621826"
"156","97382.72","97082","97640","0.6106384086608887","0.43182140588760376","0.7219861149787903","97325.57894736843","97042","97606","0.6898603345218458","0.5316780805587769","0.8601261973381042"
"157","97987.26666666666","97680","98256","0.6171792010466258","0.43686234951019287","0.8187737464904785","98017.5625","97690","98270","0.6827690750360489","0.5488998293876648","0.8195282220840454"
"158","98611.4054054054","98306","98872","0.6298800650480632","0.4419432282447815","0.9231120944023132","98598.66666666667","98310","98882","0.6753689964612325","0.5165393352508545","0.9300979971885681"
"159","99239.88571428572","98920","99508","0.596165862253734","0.37615811824798584","0.9134830832481384","99207.61904761905","98924","99500","0.6394063887142","0.5402258038520813","0.7476856112480164"
"160","99844.25806451614","99544","100130","0.564568865683771","0.348719984292984","0.7907474040985107","99788.4827586207","99560","100152","0.635391379224843","0.5295143723487854","0.7701117396354675"
"161","100487.87096774194","100176","100780","0.558527208143665","0.2936536967754364","0.805090606212616","100454.97142857143","100166","100772","0.6239319520337241","0.4746910333633423","0.9728008508682251"
"162","101076.5294117647","100818","101386","0.5784061402082443","0.3778071403503418","0.798184871673584","101150.66666666667","100790","101398","0.6519056434432665","0.4311257004737854","0.8048964738845825"
"163","101715.64705882352","101412","102022","0.5544352864517885","0.3618851602077484","0.8811567425727844","101720.97297297297","101422","102028","0.622692038884034","0.4138578474521637","0.8007124662399292"
"164","102339.87096774194","102042","102658","0.5281757837341677","0.36966851353645325","0.7462745904922485","102351.63636363637","102038","102656","0.6230162090875886","0.4326794743537903","0.8347989320755005"
"165","103017.63636363637","102676","103272","0.5489992499351501","0.3761405050754547","0.7944104671478271","102951.8125","102664","103274","0.581979725509882","0.34426236152648926","0.8276910185813904"
"166","103607.23076923077","103318","103900","0.5427775050585086","0.3439968526363373","0.8695557117462158","103628.06666666667","103310","103902","0.6141179293394089","0.4448050856590271","0.7897796034812927"
"167","104254.44444444444","103942","104516","0.5033186696193837","0.31564861536026","0.7356380820274353","104235.1052631579","103930","104528","0.5993423610925674","0.3867345452308655","0.8260920643806458"
"168","104888.88235294117","104552","105152","0.5235702930127873","0.2851983308792114","0.7908241152763367","104823.94285714286","104544","105148","0.5802599617413112","0.374982625246048","0.8063086271286011"
"169","105451.625","105206","105738","0.5036123534664512","0.3603404760360718","0.7682166695594788","105472.35294117648","105172","105766","0.5591339442659827","0.3849148154258728","0.7092866897583008"
"170","106091.82352941176","105794","106392","0.48162857662228975","0.35656410455703735","0.6885430812835693","106138.22222222222","105820","106404","0.5891157181726562","0.39591458439826965","0.7229572534561157"
"171","106756.15","106426","107030","0.4971533134579659","0.3324270248413086","0.6700569987297058","106751.1724137931","106422","107022","0.5548398422783819","0.3387056887149811","0.6933540105819702"
"172","107349.0625","107062","107668","0.46340702660381794","0.3093646168708801","0.6884413957595825","107389.2","107064","107668","0.5684052012860775","0.4117073714733124","0.8169628381729126"
"173","108016.10256410256","107702","108294","0.46923850362117475","0.2984732389450073","0.6933595538139343","107978.85714285714","107684","108294","0.538200027176312","0.378892183303833","0.7076413631439209"
"174","108597.70370370371","108350","108896","0.46016842237225286","0.3042006492614746","0.6398886442184448","108591.33333333333","108304","108900","0.5533476362625758","0.40660035610198975","0.7561714053153992"
"175","109220.24","108950","109546","0.46753154873847963","0.3242785632610321","0.6732442378997803","109183.1875","108928","109488","0.5282427696511149","0.38799622654914856","0.7587966918945312"
"176","109832.4","109566","110150","0.43905875186125437","0.3001655340194702","0.5601606369018555","109861.11764705883","109572","110170","0.5169739898513345","0.36295774579048157","0.7515525817871094"
"177","110564.33333333333","110242","110782","0.45041834712028506","0.30277150869369507","0.5938419699668884","110450.12903225806","110178","110772","0.5146898915690761","0.3729316294193268","0.6851304769515991"
"178","111102.34285714285","110814","111420","0.4029553941317967","0.2556723654270172","0.6356961131095886","111117.65714285715","110840","111416","0.5065903033529009","0.3815191388130188","0.7224477529525757"
"179","111765.94285714286","111442","112012","0.43111850789615086","0.2759178578853607","0.606870710849762","111728.2564102564","111428","112034","0.4825993845096001","0.33593446016311646","0.7257545590400696"
"180","112413.35714285714","112054","112672","0.44808744958468844","0.29152238368988037","0.5373297333717346","112334.93023255814","112060","112668","0.48811116953228795","0.34210148453712463","0.6630519032478333"
"181","113002.64705882352","112732","113290","0.42068854500265684","0.28023090958595276","0.6464701294898987","112985.57575757576","112692","113302","0.5008186661835873","0.38464197516441345","0.6717925071716309"
"182","113619.57575757576","113326","113898","0.39471365917812695","0.2645612359046936","0.5316717028617859","113584.83333333333","113332","113884","0.4625733031166924","0.33848655223846436","0.7452666163444519"
"183","114226.20512820513","113934","114532","0.3804815938839546","0.2714720666408539","0.6394014358520508","114233.7435897436","113960","114550","0.46912530140999037","0.2957618236541748","0.6085138320922852"
"184","114821.84615384616","114570","115178","0.3588460454573998","0.22735874354839325","0.4960673451423645","114863.64705882352","114596","115158","0.4506099793840857","0.31487804651260376","0.664130449295044"
"185","115493.22222222222","115198","115790","0.3598935798638397","0.24508391320705414","0.5281661152839661","115481.38461538461","115188","115778","0.4590621659388909","0.3308011591434479","0.6956589221954346"
"186","116141.57142857143","115828","116422","0.3709535353950092","0.20879532396793365","0.513527512550354","116129.2258064516","115810","116430","0.435364774157924","0.3235970139503479","0.6781083941459656"
"187","116825.77777777778","116508","117042","0.36715382944654534","0.225102037191391","0.5796048641204834","116749.73913043478","116452","117040","0.4117813447247381","0.2733643651008606","0.5301580429077148"
"188","117367.2258064516","117104","117678","0.3332615912921967","0.24613787233829498","0.4459095001220703","117346.81081081081","117066","117668","0.43809850634755315","0.32004514336586","0.5584380030632019"
"189","118010.26666666666","117716","118284","0.36006249735752743","0.24981577694416046","0.5104749202728271","117989.48717948717","117690","118294","0.41490219648067767","0.264372318983078","0.5831211805343628"
"190","118627.4054054054","118344","118918","0.3118196750009382","0.21036985516548157","0.48232316970825195","118635.85185185185","118334","118920","0.41116755372948116","0.2349778264760971","0.5469365119934082"
"191","119215.77777777778","118940","119552","0.3056151246031125","0.20158877968788147","0.43532586097717285","119270.5","118964","119540","0.408906951546669","0.2853749096393585","0.5230947732925415"
"192","119865.4705882353","119576","120184","0.3090173238340546","0.19145092368125916","0.43228188157081604","119925.45454545454","119598","120182","0.4102195103963216","0.2769932746887207","0.5202922224998474"
"193","120509.41935483871","120194","120786","0.30860137987521385","0.19672052562236786","0.5398160815238953","120496.33333333333","120194","120814","0.3993864448534118","0.2647005021572113","0.5660090446472168"
"194","121164","120824","121408","0.30258990161948734","0.170627161860466","0.4610268175601959","121125.13636363637","120820","121396","0.40218530188907275","0.22622427344322205","0.5315386652946472"
"195","121762.84615384616","121470","122030","0.2868791554982846","0.18758609890937805","0.47356951236724854","121751.94736842105","121460","122058","0.39339856646562876","0.3027113676071167","0.5226952433586121"
"196","122379.72972972973","122086","122682","0.27897358665595184","0.16276782751083374","0.3883972764015198","122410.3125","122086","122688","0.36748462868854403","0.24672888219356537","0.5238844156265259"
"197","123001.6","122696","123314","0.26079741716384885","0.16142110526561737","0.3821450471878052","122970.41176470589","122698","123282","0.36033937159706564","0.2526415288448334","0.47938430309295654"
"198","123567.71428571429","123330","123920","0.26314842445509773","0.1358748972415924","0.450691819190979","123641.87096774194","123322","123940","0.3750594974525513","0.2229999154806137","0.5443262457847595"
"199","124269.54285714286","123956","124570","0.26109863902841296","0.17797832190990448","0.4433766305446625","124246.3125","123952","124568","0.3504423960112035","0.24381054937839508","0.5069449543952942"
"200","124932.51612903226","124584","125190","0.24809927709640994","0.17886649072170258","0.43101057410240173","124904.51612903226","124608","125192","0.360175367324583","0.20533418655395508","0.5326439142227173"
"201","125530.66666666667","125206","125800","0.24243466914803893","0.1536700427532196","0.3520270586013794","125518.96296296296","125216","125818","0.34710653181429263","0.19181980192661285","0.5593665242195129"
"202","126138.17647058824","125848","126438","0.23731821337166956","0.1214771568775177","0.36299270391464233","126124.06896551725","125832","126418","0.3396242605201129","0.20591717958450317","0.6522502303123474"
"203","126762.96551724138","126456","127052","0.22644275221331367","0.15920878946781158","0.32384106516838074","126701.55555555556","126466","127056","0.32115888761149514","0.2501617670059204","0.41464418172836304"
"204","127346.61111111111","127080","127652","0.22936493841310343","0.1020875945687294","0.3973521888256073","127399","127080","127674","0.312233307344072","0.20714645087718964","0.423821359872818"
"205","128050","127742","128318","0.21780250424688513","0.1268424391746521","0.35036373138427734","128036.5","127736","128322","0.30616583089743343","0.22526487708091736","0.39599910378456116"
"206","128596.75","128358","128884","0.16889223145941892","0.10947966575622559","0.267757773399353","128638.58064516129","128354","128918","0.30861784277423737","0.19859273731708527","0.3971877992153168"
"207","129249.0625","128964","129528","0.1921508435625583","0.09402266889810562","0.2737005352973938","129292.25","128986","129566","0.3013060404919088","0.24046353995800018","0.41563868522644043"
"208","129927.29032258065","129584","130188","0.18724825064982137","0.09053100645542145","0.26927807927131653","129865.11764705883","129582","130200","0.27291230024660335","0.15183262526988983","0.3712072968482971"
"209","130525.33333333333","130208","130820","0.180307589245565","0.09795331954956055","0.28010767698287964","130507.94594594595","130212","130822","0.28783336040135976","0.1935274749994278","0.4220917224884033"
"210","131173.45945945947","130840","131450","0.1795539779437555","0.10139238834381104","0.27200648188591003","131189.58823529413","130838","131432","0.28454401957638126","0.1687750667333603","0.39844489097595215"
"211","131767.61290322582","131502","132062","0.16060955197580398","0.09831514954566956","0.22697854042053223","131741.70588235295","131464","132070","0.2718929424881935","0.20536547899246216","0.3566403388977051"
"212","132419.05","132108","132706","0.15322837866842748","0.07326892763376236","0.25081008672714233","132398.9189189189","132104","132696","0.25196215268727895","0.1660579890012741","0.3715325891971588"
"213","133063.33333333334","132724","133324","0.1480871592130926","0.09165924042463303","0.224459707736969","133027.13333333333","132732","133312","0.2600797394911448","0.17766006290912628","0.42896193265914917"
"214","133661.76470588235","133346","133960","0.1394622851820553","0.05430123209953308","0.2660219967365265","133638.4","133340","133940","0.2379434381212507","0.18257839977741241","0.3182792663574219"
"215","134302.16666666666","133972","134578","0.1453674722255932","0.05732018128037453","0.27634909749031067","134261.2258064516","133976","134582","0.25055961358931755","0.1671748161315918","0.3940897583961487"
"216","134850.27777777778","134592","135174","0.13056577266090447","0.05618076026439667","0.21680498123168945","134892.89655172414","134590","135174","0.24758559311258382","0.18681636452674866","0.3043781518936157"
"217","135493.0625","135216","135764","0.12118986831046641","0.058142539113759995","0.20694324374198914","135497.94285714286","135228","135822","0.23680893438202993","0.15230992436408997","0.33165082335472107"
"218","136149.16129032258","135910","136458","0.11304446862589929","0.06944168359041214","0.20531906187534332","136125.0344827586","135842","136446","0.2382180623967072","0.15131857991218567","0.3477661907672882"
"219","136776.51612903227","136482","137090","0.11435553767988758","0.059544675052165985","0.1656430959701538","136748.6896551724","136472","137076","0.22431808453181695","0.13660553097724915","0.33993616700172424"
"220","137465.25","137152","137710","0.11395601532422006","0.05510459840297699","0.18408818542957306","137407.37142857144","137108","137704","0.22843253655093057","0.12382650375366211","0.39193177223205566"
"221","138028.8780487805","137724","138322","0.11341779824437165","0.056996047496795654","0.17668215930461884","138068.55172413794","137720","138274","0.2127130314193923","0.15052220225334167","0.295988529920578"
"222","138669.36363636365","138382","138964","0.09840111908587543","0.04456407576799393","0.15107138454914093","138695.7435897436","138370","138962","0.20574462528412157","0.12386955320835114","0.32222387194633484"
"223","139247.13513513515","138972","139586","0.08886317858422124","0.052334945648908615","0.14797675609588623","139276.93617021278","139002","139588","0.1934986970526107","0.13002188503742218","0.2768745422363281"
"224","139931.1891891892","139604","140218","0.0768106590855766","0.0386471189558506","0.14420761168003082","139951.2857142857","139634","140216","0.19343667938595727","0.1380026638507843","0.27343839406967163"
"225","140528.70588235295","140248","140800","0.07729798938859911","0.0326688215136528","0.14387720823287964","140519.31707317074","140232","140846","0.19738032432591043","0.08224521577358246","0.3116408586502075"
"226","141183.33333333334","140850","141414","0.06658020212004583","0.02971430867910385","0.1260925829410553","141151.91666666666","140856","141458","0.1838840196530024","0.1441253274679184","0.2326248437166214"
"227","141801.94444444444","141480","142064","0.06457587165964974","0.024025551974773407","0.13251052796840668","141778.06896551725","141532","142084","0.17034044399343687","0.1239500343799591","0.23925355076789856"
"228","142401.25714285715","142148","142702","0.06358150765299797","0.040198735892772675","0.09652639925479889","142429.8064516129","142102","142710","0.1803218852127752","0.12751489877700806","0.32600173354148865"
"229","143101.9375","142744","143350","0.06695256032980978","0.03623808175325394","0.11298083513975143","143052.2068965517","142740","143348","0.17209719326989403","0.10295642167329788","0.24173903465270996"
"230","143664","143376","143970","0.053661414318614535","0.02119673788547516","0.09474130719900131","143661.3125","143376","143898","0.17082986934110522","0.10636618733406067","0.2684473395347595"
"231","144282.6896551724","144016","144592","0.04911348846708906","0.02124478667974472","0.09356357157230377","144266.61538461538","143994","144548","0.16209962534216735","0.12097960710525513","0.2401261329650879"
"232","144946.15789473685","144622","145196","0.044552834802552274","0.020711291581392288","0.09328947216272354","144918.93333333332","144606","145226","0.15600721836090087","0.09308114647865295","0.22338315844535828"
"233","145499.94285714286","145252","145840","0.04219257081193584","0.022606123238801956","0.10327105224132538","145556","145236","145828","0.1500183142721653","0.10610204190015793","0.21550771594047546"
"234","146203.58823529413","145890","146464","0.03828104037572356","0.021230440586805344","0.0656278058886528","146143.88235294117","145860","146478","0.1478848065085271","0.10469099134206772","0.20942091941833496"
"235","146813.75757575757","146488","147102","0.03351836617697369","0.011615816503763199","0.06627009063959122","146795.92307692306","146500","147072","0.139748443204623","0.09359849989414215","0.18864920735359192"
"236","147421.64705882352","147110","147704","0.03617727975634968","0.016369102522730827","0.07868276536464691","147440.5945945946","147116","147720","0.1440660303106179","0.09255745261907578","0.2019188553094864"
"237","148048.9090909091","147768","148334","0.033494278167684875","0.014023996889591217","0.0657135397195816","148045.37931034484","147780","148336","0.13823750332511706","0.10615018755197525","0.19952858984470367"
"238","148664","148376","148906","0.037692193493798924","0.018692724406719208","0.08680636435747147","148722.23076923078","148430","148968","0.13011469004245904","0.08931177109479904","0.18696558475494385"
"239","149354.25806451612","149008","149604","0.029992690039498192","0.013795956037938595","0.061887845396995544","149280.6","148988","149604","0.12948855484525362","0.06965520232915878","0.1827281266450882"
"240","149882.70967741936","149646","150222","0.026738066977310564","0.012776085175573826","0.0418301522731781","149889.33333333334","149614","150222","0.130412071198225","0.08221378922462463","0.2254927158355713"
"241","150546.5","150250","150848","0.026738520146214535","0.011266139335930347","0.07596425712108612","150542.95652173914","150262","150794","0.11086038500070572","0.07725958526134491","0.19202633202075958"
"242","151130.0606060606","150896","151440","0.024056216730087093","0.009568702429533005","0.060730766505002975","151113.26666666666","150866","151470","0.11449007540941239","0.0647149458527565","0.1585378795862198"
"243","151822.05714285714","151504","152100","0.02640511699553047","0.01169294398277998","0.07579000294208527","151812.0487804878","151502","152114","0.1167333929277048","0.06534630805253983","0.19090069830417633"
"244","152442.41176470587","152124","152736","0.024065627524738804","0.013205048628151417","0.04697481170296669","152414.11764705883","152120","152700","0.11743815550032784","0.07444826513528824","0.17239460349082947"
"245","153027.76470588235","152750","153344","0.021526401807718417","0.0138933714479208","0.05477322265505791","153027.2142857143","152766","153360","0.10259313455649785","0.06523314118385315","0.14845596253871918"
"246","153743.84210526315","153382","153988","0.020950621275819446","0.0077645969577133656","0.05020402371883392","153631.27272727274","153370","153970","0.10037352359204581","0.05838010087609291","0.17585544288158417"
"247","154365.5","154010","154618","0.01972455331789596","0.009931107051670551","0.037349633872509","154360.48648648648","154016","154612","0.10418373849746343","0.06564970314502716","0.22993803024291992"
"248","154952.66666666666","154630","155222","0.018125275742601265","0.010457335971295834","0.0350034274160862","154968.42857142858","154624","155228","0.10112200517739568","0.06252574920654297","0.1355220526456833"
"249","155533.67441860464","155248","155856","0.020013093991681587","0.008766071870923042","0.05041978880763054","155512.3125","155252","155838","0.0980249437270686","0.06066234037280083","0.1396641582250595"
"250","156188.72727272726","155890","156464","0.016203551778964924","0.009103151969611645","0.03085307590663433","156181.5172413793","155882","156486","0.09880019827135678","0.06336166709661484","0.1502573937177658"
"251","156795.51351351352","156504","157088","0.014392734354210866","0.006440901197493076","0.031710244715213776","156838.55","156512","157096","0.09202370047569275","0.05492490902543068","0.1416165679693222"
"252","157466.23529411765","157134","157748","0.018610724823220688","0.008786826394498348","0.04428020492196083","157444.05555555556","157140","157748","0.0893723505238692","0.05984705314040184","0.1270560473203659"
"253","158094.32258064515","157766","158364","0.015158432655997815","0.008612697944045067","0.02346387505531311","158076.16","157778","158352","0.08063550129532814","0.05570776388049126","0.11641640216112137"
"254","158683.45","158394","159000","0.015662990533746778","0.007593201473355293","0.0339328907430172","158642.5128205128","158378","159000","0.08124283577005069","0.04734288901090622","0.11585133522748947"
"255","159345.82857142857","159024","159586","0.014632008610559362","0.0074737765826284885","0.029538018628954887","159251.2","159008","159620","0.07850705566150802","0.05160108581185341","0.14118854701519012"
"256","159958","159642","160248","0.015438734700805262","0.0074732257053256035","0.025383232161402702","159949.72413793104","159638","160250","0.0782846313869131","0.05500222370028496","0.12885263562202454"
"257","160569.31707317074","160256","160856","0.014225234652346954","0.0070393201895058155","0.03198205307126045","160542.44444444444","160256","160860","0.07749838961495294","0.04969043657183647","0.11364348232746124"
"258","161240.6","160896","161492","0.01377847023929159","0.008495057001709938","0.043273165822029114","161185.06666666668","160902","161504","0.08541767336428166","0.05285913869738579","0.11979062110185623"
"259","161827.10344827586","161588","162118","0.015928249228103406","0.008426226675510406","0.03082062304019928","161818.11111111112","161514","162094","0.08202572239355908","0.052933890372514725","0.1354716718196869"
"260","162443.88888888888","162146","162752","0.01622381136338744","0.007081740070134401","0.039252836257219315","162426.0606060606","162146","162722","0.06825321664412816","0.048319220542907715","0.09674367308616638"
"261","163104.23529411765","162778","163370","0.013525085523724556","0.008006329648196697","0.023535894230008125","163066.9696969697","162768","163350","0.07269142071406047","0.04471860080957413","0.09795510023832321"
"262","163704.95","163422","163996","0.013857639324851335","0.006439541466534138","0.04033771529793739","163652.66666666666","163386","163968","0.06772165400562463","0.04608887434005737","0.11794459819793701"
"263","164288.55813953487","164024","164622","0.012355396318314381","0.0067948391661047935","0.029490748420357704","164288.15789473685","164026","164612","0.07024964847062763","0.04484848305583","0.09999123960733414"
"264","164936.08","164662","165258","0.013675644677132368","0.006763108540326357","0.034401167184114456","164967.07692307694","164680","165222","0.07000374779678308","0.05214948207139969","0.09650696069002151"
"265","165581.28205128206","165308","165882","0.013942218660257565","0.006560128647834063","0.027874061837792397","165615.0303030303","165268","165872","0.0715747843637611","0.04287275671958923","0.12796661257743835"
"266","166172.63636363635","165892","166442","0.011451513739302754","0.0056716990657150745","0.0207724180072546","166190.05555555556","165914","166510","0.0663479348230693","0.0504082590341568","0.0835215300321579"
"267","166834.2","166524","167132","0.01475026352563873","0.006752074230462313","0.02662702091038227","166829.92307692306","166530","167138","0.06584301433311059","0.04338923096656799","0.1002383828163147"
"268","167432.875","167146","167754","0.013289794558659196","0.0068256184458732605","0.02586432732641697","167416.5641025641","167156","167730","0.06294855160208848","0.02786422148346901","0.08195056766271591"
"269","168034.97297297296","167778","168374","0.012809306508987336","0.007904699072241783","0.024204187095165253","168109.67567567568","167770","168376","0.06242282688617706","0.03667145594954491","0.08648552000522614"
"270","168686.86666666667","168396","169006","0.013858167097593348","0.006968480534851551","0.03794876113533974","168701.7142857143","168412","169016","0.05813095115479969","0.0440446212887764","0.08370447158813477"
"271","169331.22727272726","169024","169606","0.01310687852938744","0.006755933165550232","0.022313866764307022","169316.06896551725","169028","169642","0.06417540781970682","0.03435445949435234","0.09562171995639801"
"272","169929.76","169658","170260","0.013086098041385412","0.007001675199717283","0.022464033216238022","169990.61111111112","169656","170246","0.06108900997787714","0.03948378562927246","0.09116680175065994"
"273","170577.7894736842","170296","170894","0.013426089303960142","0.007618227507919073","0.02412417344748974","170533.94285714286","170278","170870","0.059251295030117036","0.0372726134955883","0.0849967822432518"
"274","171165.6875","170904","171504","0.01262695822515525","0.007472100667655468","0.029179761186242104","171204.5806451613","170916","171520","0.0582369311201957","0.03221393749117851","0.0868818610906601"
"275","171816.5","171524","172134","0.011834389995783567","0.0068480223417282104","0.02414809539914131","171814.15789473685","171524","172114","0.05294170220823664","0.03462301567196846","0.0789094790816307"
"276","172437.05263157896","172160","172752","0.012310261127391928","0.006580813322216272","0.027964327484369278","172443.70731707316","172152","172728","0.055190408102622844","0.036254867911338806","0.08407506346702576"
"277","173097.85185185185","172786","173396","0.01282405903286956","0.005786336027085781","0.02531301975250244","173128.24242424243","172804","173388","0.055273687692754196","0.030835213139653206","0.07510573416948318"
"278","173682.76470588235","173402","174002","0.013415954596198657","0.007837104611098766","0.04257137328386307","173789.28","173438","174012","0.05961753010749817","0.04330488666892052","0.08859001100063324"
"279","174354.20512820513","174032","174648","0.011727864400316507","0.0056394850835204124","0.023806577548384666","174290.9189189189","174036","174630","0.056116398121859576","0.03851611167192459","0.08428620547056198"
"280","174979.6","174674","175266","0.011385016640027364","0.007047552615404129","0.017644306644797325","174978.46153846153","174674","175246","0.05408974641408676","0.03595846891403198","0.07311658561229706"
"281","175606.66666666666","175280","175902","0.011439943317479143","0.007496379781514406","0.02104286476969719","175601.1","175284","175896","0.05245646825060248","0.030532512813806534","0.08480411022901535"
"282","176191.93103448275","175926","176496","0.011602351666781408","0.006110522896051407","0.023775504902005196","176192.83333333334","175906","176522","0.052786402818229466","0.03334265947341919","0.1061796024441719"
"283","176829.79487179487","176540","177152","0.011372568491750803","0.0058390069752931595","0.018483102321624756","176864.55555555556","176556","177146","0.05024031140945024","0.027420951053500175","0.07842402160167694"
"284","177504.64","177240","177750","0.011232912056148053","0.007205260917544365","0.020414123311638832","177490.64705882352","177166","177742","0.05176795810899314","0.036532942205667496","0.0713718831539154"
"285","178109.14285714287","177846","178378","0.010761264927818306","0.0073494198732078075","0.015786634758114815","178106.74074074073","177784","178350","0.05319525232469594","0.03694073483347893","0.08406011760234833"
"286","178719.8918918919","178438","179020","0.011250015448879552","0.007096345070749521","0.022794557735323906","178646.875","178416","179028","0.05358215235173702","0.03939256817102432","0.07285095006227493"
"287","179355.1794871795","179066","179658","0.01183683728464903","0.0056933145970106125","0.027691561728715897","179315.14285714287","179048","179618","0.05253397641437394","0.03315814584493637","0.09019610285758972"
"288","179999.1739130435","179668","180260","0.012012034431909737","0.007056304253637791","0.02839767374098301","180041.81818181818","179704","180282","0.05069554275409742","0.034978773444890976","0.07082294672727585"
"289","180682.7741935484","180290","180898","0.012414308385022225","0.0073052276857197285","0.02811109833419323","180609.0344827586","180384","180876","0.050643495958426904","0.03947512432932854","0.0742037370800972"
"290","181236.38461538462","180922","181526","0.012473064994152922","0.007799599785357714","0.023437749594449997","181240.17021276595","180916","181520","0.04895264100521169","0.03445760905742645","0.07429809868335724"
"291","181899.75","181540","182156","0.013169142863868425","0.006623493507504463","0.027607526630163193","181832.36","181554","182162","0.0516056876629591","0.035379908978939056","0.07203742116689682"
"292","182512.2142857143","182188","182768","0.01236924612229424","0.006327143404632807","0.026056479662656784","182455.03703703705","182186","182764","0.04757360644914486","0.03336651250720024","0.06518130749464035"
"293","183144.5","182802","183414","0.01131337600397981","0.006175880320370197","0.029072321951389313","183112.9090909091","182796","183396","0.05064204831918081","0.03643588721752167","0.07049912214279175"
"294","183720.32432432432","183428","184030","0.011377571993885009","0.006520616821944714","0.02351524494588375","183740.51612903227","183418","184028","0.052692345914340785","0.03481077402830124","0.09864430129528046"
"295","184270.70588235295","184052","184652","0.011247141875655335","0.006517341826111078","0.01785239391028881","184327.4193548387","184058","184662","0.049643229332662395","0.03332403302192688","0.06745049357414246"
"296","184955.5625","184670","185292","0.010856841516215354","0.006706221494823694","0.02184176631271839","185013.84615384616","184804","185282","0.046777353598139226","0.03063867799937725","0.08083789795637131"
"297","185625.24137931035","185326","185900","0.010943213461673465","0.007213685195893049","0.02166116237640381","185619.48387096773","185302","185914","0.05020560011748345","0.034488607197999954","0.07043447345495224"
"298","186291.72972972973","185924","186528","0.01259878886913931","0.007876453921198845","0.025731299072504044","186251.10344827586","185924","186538","0.05127317702461933","0.03133922815322876","0.07450824975967407"
"299","186852.95238095237","186582","187166","0.011443814273834937","0.005997908301651478","0.021923311054706573","186856","186558","187164","0.051239805843900234","0.03326699510216713","0.08276597410440445"
"300","187482.42105263157","187190","187770","0.011451371504287971","0.005665113218128681","0.02042538858950138","187437.54285714286","187176","187784","0.04917357861995697","0.03550085425376892","0.07903952151536942"