"epoch","mobilenet_Task Activation_Function_all relu_Thursday_20_March_2025_11h_32m_34s - _step","mobilenet_Task Activation_Function_all relu_Thursday_20_March_2025_11h_32m_34s - _step__MIN","mobilenet_Task Activation_Function_all relu_Thursday_20_March_2025_11h_32m_34s - _step__MAX","mobilenet_Task Activation_Function_all relu_Thursday_20_March_2025_11h_32m_34s - Train/Accuracy","mobilenet_Task Activation_Function_all relu_Thursday_20_March_2025_11h_32m_34s - Train/Accuracy__MIN","mobilenet_Task Activation_Function_all relu_Thursday_20_March_2025_11h_32m_34s - Train/Accuracy__MAX","mobilenet_Task Activation_Function_4,5,6,7,8,9,10_Thursday_20_March_2025_09h_23m_16s - _step","mobilenet_Task Activation_Function_4,5,6,7,8,9,10_Thursday_20_March_2025_09h_23m_16s - _step__MIN","mobilenet_Task Activation_Function_4,5,6,7,8,9,10_Thursday_20_March_2025_09h_23m_16s - _step__MAX","mobilenet_Task Activation_Function_4,5,6,7,8,9,10_Thursday_20_March_2025_09h_23m_16s - Train/Accuracy","mobilenet_Task Activation_Function_4,5,6,7,8,9,10_Thursday_20_March_2025_09h_23m_16s - Train/Accuracy__MIN","mobilenet_Task Activation_Function_4,5,6,7,8,9,10_Thursday_20_March_2025_09h_23m_16s - Train/Accuracy__MAX"
"1","624","624","624","0.060349997133016586","0.060349997133016586","0.060349997133016586","624","624","624","0.062049999833106995","0.062049999833106995","0.062049999833106995"
"2","1252","1252","1252","0.1297750025987625","0.1297750025987625","0.1297750025987625","1252","1252","1252","0.1421249955892563","0.1421249955892563","0.1421249955892563"
"3","1880","1880","1880","0.18517500162124634","0.18517500162124634","0.18517500162124634","1880","1880","1880","0.20327499508857727","0.20327499508857727","0.20327499508857727"
"4","2508","2508","2508","0.22337499260902405","0.22337499260902405","0.22337499260902405","2508","2508","2508","0.25679999589920044","0.25679999589920044","0.25679999589920044"
"5","3136","3136","3136","0.2670750021934509","0.2670750021934509","0.2670750021934509","3136","3136","3136","0.3002749979496002","0.3002749979496002","0.3002749979496002"
"6","3764","3764","3764","0.30309998989105225","0.30309998989105225","0.30309998989105225","3764","3764","3764","0.3331499993801117","0.3331499993801117","0.3331499993801117"
"7","4392","4392","4392","0.3360249996185303","0.3360249996185303","0.3360249996185303","4392","4392","4392","0.3637000024318695","0.3637000024318695","0.3637000024318695"
"8","5020","5020","5020","0.36547499895095825","0.36547499895095825","0.36547499895095825","5020","5020","5020","0.38667500019073486","0.38667500019073486","0.38667500019073486"
"9","5648","5648","5648","0.38952499628067017","0.38952499628067017","0.38952499628067017","5648","5648","5648","0.40482500195503235","0.40482500195503235","0.40482500195503235"
"10","6276","6276","6276","0.4155749976634979","0.4155749976634979","0.4155749976634979","6276","6276","6276","0.42149999737739563","0.42149999737739563","0.42149999737739563"
"11","6904","6904","6904","0.43632498383522034","0.43632498383522034","0.43632498383522034","6904","6904","6904","0.43244999647140503","0.43244999647140503","0.43244999647140503"
"12","7532","7532","7532","0.455049991607666","0.455049991607666","0.455049991607666","7532","7532","7532","0.44884997606277466","0.44884997606277466","0.44884997606277466"
"13","8160","8160","8160","0.4694499969482422","0.4694499969482422","0.4694499969482422","8160","8160","8160","0.46230000257492065","0.46230000257492065","0.46230000257492065"
"14","8788","8788","8788","0.485275000333786","0.485275000333786","0.485275000333786","8788","8788","8788","0.4679499864578247","0.4679499864578247","0.4679499864578247"
"15","9416","9416","9416","0.4921499788761139","0.4921499788761139","0.4921499788761139","9416","9416","9416","0.4710249900817871","0.4710249900817871","0.4710249900817871"
"16","10044","10044","10044","0.5064499974250793","0.5064499974250793","0.5064499974250793","10044","10044","10044","0.48032498359680176","0.48032498359680176","0.48032498359680176"
"17","10672","10672","10672","0.5155749917030334","0.5155749917030334","0.5155749917030334","10672","10672","10672","0.4836749732494354","0.4836749732494354","0.4836749732494354"
"18","11300","11300","11300","0.5231999754905701","0.5231999754905701","0.5231999754905701","11300","11300","11300","0.4946749806404114","0.4946749806404114","0.4946749806404114"
"19","11928","11928","11928","0.5318250060081482","0.5318250060081482","0.5318250060081482","11928","11928","11928","0.4980499744415283","0.4980499744415283","0.4980499744415283"
"20","12556","12556","12556","0.5415499806404114","0.5415499806404114","0.5415499806404114","12556","12556","12556","0.5059750080108643","0.5059750080108643","0.5059750080108643"
"21","13184","13184","13184","0.5447750091552734","0.5447750091552734","0.5447750091552734","13184","13184","13184","0.5105249881744385","0.5105249881744385","0.5105249881744385"
"22","13812","13812","13812","0.5508999824523926","0.5508999824523926","0.5508999824523926","13812","13812","13812","0.5100749731063843","0.5100749731063843","0.5100749731063843"
"23","14440","14440","14440","0.5561749935150146","0.5561749935150146","0.5561749935150146","14440","14440","14440","0.5193749666213989","0.5193749666213989","0.5193749666213989"
"24","15068","15068","15068","0.5582999587059021","0.5582999587059021","0.5582999587059021","15068","15068","15068","0.5198500156402588","0.5198500156402588","0.5198500156402588"
"25","15696","15696","15696","0.5621500015258789","0.5621500015258789","0.5621500015258789","15696","15696","15696","0.526199996471405","0.526199996471405","0.526199996471405"
"26","16324","16324","16324","0.5704999566078186","0.5704999566078186","0.5704999566078186","16324","16324","16324","0.5285750031471252","0.5285750031471252","0.5285750031471252"
"27","16952","16952","16952","0.5738250017166138","0.5738250017166138","0.5738250017166138","16952","16952","16952","0.5360000133514404","0.5360000133514404","0.5360000133514404"
"28","17580","17580","17580","0.579800009727478","0.579800009727478","0.579800009727478","17580","17580","17580","0.5357249975204468","0.5357249975204468","0.5357249975204468"
"29","18208","18208","18208","0.5841000080108643","0.5841000080108643","0.5841000080108643","18208","18208","18208","0.539775013923645","0.539775013923645","0.539775013923645"
"30","18836","18836","18836","0.5878999829292297","0.5878999829292297","0.5878999829292297","18836","18836","18836","0.5398499965667725","0.5398499965667725","0.5398499965667725"
"31","19464","19464","19464","0.5894500017166138","0.5894500017166138","0.5894500017166138","19464","19464","19464","0.5450249910354614","0.5450249910354614","0.5450249910354614"
"32","20092","20092","20092","0.59375","0.59375","0.59375","20092","20092","20092","0.5458750128746033","0.5458750128746033","0.5458750128746033"
"33","20720","20720","20720","0.5956000089645386","0.5956000089645386","0.5956000089645386","20720","20720","20720","0.5514249801635742","0.5514249801635742","0.5514249801635742"
"34","21348","21348","21348","0.5992249846458435","0.5992249846458435","0.5992249846458435","21348","21348","21348","0.5550000071525574","0.5550000071525574","0.5550000071525574"
"35","21976","21976","21976","0.5975499749183655","0.5975499749183655","0.5975499749183655","21976","21976","21976","0.56107497215271","0.56107497215271","0.56107497215271"
"36","22604","22604","22604","0.6055499911308289","0.6055499911308289","0.6055499911308289","22604","22604","22604","0.5585749745368958","0.5585749745368958","0.5585749745368958"
"37","23232","23232","23232","0.6054750084877014","0.6054750084877014","0.6054750084877014","23232","23232","23232","0.5585249662399292","0.5585249662399292","0.5585249662399292"
"38","23860","23860","23860","0.6039999723434448","0.6039999723434448","0.6039999723434448","23860","23860","23860","0.5636749863624573","0.5636749863624573","0.5636749863624573"
"39","24488","24488","24488","0.6076749563217163","0.6076749563217163","0.6076749563217163","24488","24488","24488","0.564424991607666","0.564424991607666","0.564424991607666"
"40","25116","25116","25116","0.6114499568939209","0.6114499568939209","0.6114499568939209","25116","25116","25116","0.5692499876022339","0.5692499876022339","0.5692499876022339"
"41","25744","25744","25744","0.6179749965667725","0.6179749965667725","0.6179749965667725","25744","25744","25744","0.5678749680519104","0.5678749680519104","0.5678749680519104"
"42","26372","26372","26372","0.6166999936103821","0.6166999936103821","0.6166999936103821","26372","26372","26372","0.5687999725341797","0.5687999725341797","0.5687999725341797"
"43","27000","27000","27000","0.6195749640464783","0.6195749640464783","0.6195749640464783","27000","27000","27000","0.5779500007629395","0.5779500007629395","0.5779500007629395"
"44","27628","27628","27628","0.6258249878883362","0.6258249878883362","0.6258249878883362","27628","27628","27628","0.5785999894142151","0.5785999894142151","0.5785999894142151"
"45","28256","28256","28256","0.6256749629974365","0.6256749629974365","0.6256749629974365","28256","28256","28256","0.5784249901771545","0.5784249901771545","0.5784249901771545"
"46","28884","28884","28884","0.6284250020980835","0.6284250020980835","0.6284250020980835","28884","28884","28884","0.5802249908447266","0.5802249908447266","0.5802249908447266"
"47","29512","29512","29512","0.6309999823570251","0.6309999823570251","0.6309999823570251","29512","29512","29512","0.5823999643325806","0.5823999643325806","0.5823999643325806"
"48","30140","30140","30140","0.6355249881744385","0.6355249881744385","0.6355249881744385","30140","30140","30140","0.5848999619483948","0.5848999619483948","0.5848999619483948"
"49","30768","30768","30768","0.6348499655723572","0.6348499655723572","0.6348499655723572","30768","30768","30768","0.5869249701499939","0.5869249701499939","0.5869249701499939"
"50","31396","31396","31396","0.6363750100135803","0.6363750100135803","0.6363750100135803","31396","31396","31396","0.5878250002861023","0.5878250002861023","0.5878250002861023"
"51","32024","32024","32024","0.6370750069618225","0.6370750069618225","0.6370750069618225","32024","32024","32024","0.5904499888420105","0.5904499888420105","0.5904499888420105"
"52","32652","32652","32652","0.641124963760376","0.641124963760376","0.641124963760376","32652","32652","32652","0.5924249887466431","0.5924249887466431","0.5924249887466431"
"53","33280","33280","33280","0.6417250037193298","0.6417250037193298","0.6417250037193298","33280","33280","33280","0.5952500104904175","0.5952500104904175","0.5952500104904175"
"54","33908","33908","33908","0.6448249816894531","0.6448249816894531","0.6448249816894531","33908","33908","33908","0.5944749712944031","0.5944749712944031","0.5944749712944031"
"55","34536","34536","34536","0.643750011920929","0.643750011920929","0.643750011920929","34536","34536","34536","0.5968499779701233","0.5968499779701233","0.5968499779701233"
"56","35164","35164","35164","0.6456999778747559","0.6456999778747559","0.6456999778747559","35164","35164","35164","0.5963749885559082","0.5963749885559082","0.5963749885559082"
"57","35792","35792","35792","0.6490499973297119","0.6490499973297119","0.6490499973297119","35792","35792","35792","0.604449987411499","0.604449987411499","0.604449987411499"
"58","36420","36420","36420","0.642924964427948","0.642924964427948","0.642924964427948","36420","36420","36420","0.6019499897956848","0.6019499897956848","0.6019499897956848"
"59","37048","37048","37048","0.6499999761581421","0.6499999761581421","0.6499999761581421","37048","37048","37048","0.606124997138977","0.606124997138977","0.606124997138977"
"60","37676","37676","37676","0.6523999571800232","0.6523999571800232","0.6523999571800232","37676","37676","37676","0.6059499979019165","0.6059499979019165","0.6059499979019165"
"61","38304","38304","38304","0.6520999670028687","0.6520999670028687","0.6520999670028687","38304","38304","38304","0.6067749857902527","0.6067749857902527","0.6067749857902527"
"62","38932","38932","38932","0.6536749601364136","0.6536749601364136","0.6536749601364136","38932","38932","38932","0.6112499833106995","0.6112499833106995","0.6112499833106995"
"63","39560","39560","39560","0.6591249704360962","0.6591249704360962","0.6591249704360962","39560","39560","39560","0.609624981880188","0.609624981880188","0.609624981880188"
"64","40188","40188","40188","0.6568250060081482","0.6568250060081482","0.6568250060081482","40188","40188","40188","0.6085500121116638","0.6085500121116638","0.6085500121116638"
"65","40816","40816","40816","0.6577999591827393","0.6577999591827393","0.6577999591827393","40816","40816","40816","0.6160500049591064","0.6160500049591064","0.6160500049591064"
"66","41444","41444","41444","0.6620749831199646","0.6620749831199646","0.6620749831199646","41444","41444","41444","0.6176999807357788","0.6176999807357788","0.6176999807357788"
"67","42072","42072","42072","0.6627500057220459","0.6627500057220459","0.6627500057220459","42072","42072","42072","0.6155250072479248","0.6155250072479248","0.6155250072479248"
"68","42700","42700","42700","0.6665499806404114","0.6665499806404114","0.6665499806404114","42700","42700","42700","0.6236749887466431","0.6236749887466431","0.6236749887466431"
"69","43328","43328","43328","0.6640499830245972","0.6640499830245972","0.6640499830245972","43328","43328","43328","0.6209999918937683","0.6209999918937683","0.6209999918937683"
"70","43956","43956","43956","0.665524959564209","0.665524959564209","0.665524959564209","43956","43956","43956","0.6232999563217163","0.6232999563217163","0.6232999563217163"
"71","44584","44584","44584","0.668524980545044","0.668524980545044","0.668524980545044","44584","44584","44584","0.6227499842643738","0.6227499842643738","0.6227499842643738"
"72","45212","45212","45212","0.6730499863624573","0.6730499863624573","0.6730499863624573","45212","45212","45212","0.6247249841690063","0.6247249841690063","0.6247249841690063"
"73","45840","45840","45840","0.6695249676704407","0.6695249676704407","0.6695249676704407","45840","45840","45840","0.6249249577522278","0.6249249577522278","0.6249249577522278"
"74","46468","46468","46468","0.6712499856948853","0.6712499856948853","0.6712499856948853","46468","46468","46468","0.6322000026702881","0.6322000026702881","0.6322000026702881"
"75","47096","47096","47096","0.6738249659538269","0.6738249659538269","0.6738249659538269","47096","47096","47096","0.6348249912261963","0.6348249912261963","0.6348249912261963"
"76","47724","47724","47724","0.6734749674797058","0.6734749674797058","0.6734749674797058","47724","47724","47724","0.6349250078201294","0.6349250078201294","0.6349250078201294"
"77","48352","48352","48352","0.6779249906539917","0.6779249906539917","0.6779249906539917","48352","48352","48352","0.6342250108718872","0.6342250108718872","0.6342250108718872"
"78","48980","48980","48980","0.6761749982833862","0.6761749982833862","0.6761749982833862","48980","48980","48980","0.6390249729156494","0.6390249729156494","0.6390249729156494"
"79","49608","49608","49608","0.6764749884605408","0.6764749884605408","0.6764749884605408","49608","49608","49608","0.6358000040054321","0.6358000040054321","0.6358000040054321"
"80","50236","50236","50236","0.6766249537467957","0.6766249537467957","0.6766249537467957","50236","50236","50236","0.6447749733924866","0.6447749733924866","0.6447749733924866"
"81","50864","50864","50864","0.6783999800682068","0.6783999800682068","0.6783999800682068","50864","50864","50864","0.6423249840736389","0.6423249840736389","0.6423249840736389"
"82","51492","51492","51492","0.6843999624252319","0.6843999624252319","0.6843999624252319","51492","51492","51492","0.6384249925613403","0.6384249925613403","0.6384249925613403"
"83","52120","52120","52120","0.6829749941825867","0.6829749941825867","0.6829749941825867","52120","52120","52120","0.6418499946594238","0.6418499946594238","0.6418499946594238"
"84","52748","52748","52748","0.6802499890327454","0.6802499890327454","0.6802499890327454","52748","52748","52748","0.6444000005722046","0.6444000005722046","0.6444000005722046"
"85","53376","53376","53376","0.6868249773979187","0.6868249773979187","0.6868249773979187","53376","53376","53376","0.6465749740600586","0.6465749740600586","0.6465749740600586"
"86","54004","54004","54004","0.6869249939918518","0.6869249939918518","0.6869249939918518","54004","54004","54004","0.6503750085830688","0.6503750085830688","0.6503750085830688"
"87","54632","54632","54632","0.6862249970436096","0.6862249970436096","0.6862249970436096","54632","54632","54632","0.6497499942779541","0.6497499942779541","0.6497499942779541"
"88","55260","55260","55260","0.692550003528595","0.692550003528595","0.692550003528595","55260","55260","55260","0.6514250040054321","0.6514250040054321","0.6514250040054321"
"89","55888","55888","55888","0.6866499781608582","0.6866499781608582","0.6866499781608582","55888","55888","55888","0.6504499912261963","0.6504499912261963","0.6504499912261963"
"90","56516","56516","56516","0.6917749643325806","0.6917749643325806","0.6917749643325806","56516","56516","56516","0.6541999578475952","0.6541999578475952","0.6541999578475952"
"91","57144","57144","57144","0.6967999935150146","0.6967999935150146","0.6967999935150146","57144","57144","57144","0.6599249839782715","0.6599249839782715","0.6599249839782715"
"92","57772","57772","57772","0.6972000002861023","0.6972000002861023","0.6972000002861023","57772","57772","57772","0.6559000015258789","0.6559000015258789","0.6559000015258789"
"93","58400","58400","58400","0.6938499808311462","0.6938499808311462","0.6938499808311462","58400","58400","58400","0.6585749983787537","0.6585749983787537","0.6585749983787537"
"94","59028","59028","59028","0.6930750012397766","0.6930750012397766","0.6930750012397766","59028","59028","59028","0.6595500111579895","0.6595500111579895","0.6595500111579895"
"95","59656","59656","59656","0.703125","0.703125","0.703125","59656","59656","59656","0.6585249900817871","0.6585249900817871","0.6585249900817871"
"96","60284","60284","60284","0.7006250023841858","0.7006250023841858","0.7006250023841858","60284","60284","60284","0.6633999943733215","0.6633999943733215","0.6633999943733215"
"97","60912","60912","60912","0.7025749683380127","0.7025749683380127","0.7025749683380127","60912","60912","60912","0.6631749868392944","0.6631749868392944","0.6631749868392944"
"98","61540","61540","61540","0.6994749903678894","0.6994749903678894","0.6994749903678894","61540","61540","61540","0.6643999814987183","0.6643999814987183","0.6643999814987183"
"99","62168","62168","62168","0.7059999704360962","0.7059999704360962","0.7059999704360962","62168","62168","62168","0.6705499887466431","0.6705499887466431","0.6705499887466431"
"100","62796","62796","62796","0.708175003528595","0.708175003528595","0.708175003528595","62796","62796","62796","0.6711249947547913","0.6711249947547913","0.6711249947547913"
"101","63424","63424","63424","0.7093249559402466","0.7093249559402466","0.7093249559402466","63424","63424","63424","0.6712250113487244","0.6712250113487244","0.6712250113487244"
"102","64052","64052","64052","0.7079499959945679","0.7079499959945679","0.7079499959945679","64052","64052","64052","0.6711499691009521","0.6711499691009521","0.6711499691009521"
"103","64680","64680","64680","0.7166249752044678","0.7166249752044678","0.7166249752044678","64680","64680","64680","0.6759499907493591","0.6759499907493591","0.6759499907493591"
"104","65308","65308","65308","0.7166000008583069","0.7166000008583069","0.7166000008583069","65308","65308","65308","0.6838249564170837","0.6838249564170837","0.6838249564170837"
"105","65936","65936","65936","0.7172749638557434","0.7172749638557434","0.7172749638557434","65936","65936","65936","0.6805999875068665","0.6805999875068665","0.6805999875068665"
"106","66564","66564","66564","0.7163000106811523","0.7163000106811523","0.7163000106811523","66564","66564","66564","0.6821249723434448","0.6821249723434448","0.6821249723434448"
"107","67192","67192","67192","0.717674970626831","0.717674970626831","0.717674970626831","67192","67192","67192","0.6826249957084656","0.6826249957084656","0.6826249957084656"
"108","67820","67820","67820","0.7149749994277954","0.7149749994277954","0.7149749994277954","67820","67820","67820","0.6833249926567078","0.6833249926567078","0.6833249926567078"
"109","68448","68448","68448","0.7249999642372131","0.7249999642372131","0.7249999642372131","68448","68448","68448","0.6781249642372131","0.6781249642372131","0.6781249642372131"
"110","69076","69076","69076","0.7275999784469604","0.7275999784469604","0.7275999784469604","69076","69076","69076","0.6852749586105347","0.6852749586105347","0.6852749586105347"
"111","69704","69704","69704","0.7198749780654907","0.7198749780654907","0.7198749780654907","69704","69704","69704","0.6922499537467957","0.6922499537467957","0.6922499537467957"
"112","70332","70332","70332","0.7259500026702881","0.7259500026702881","0.7259500026702881","70332","70332","70332","0.6901249885559082","0.6901249885559082","0.6901249885559082"
"113","70960","70960","70960","0.7284249663352966","0.7284249663352966","0.7284249663352966","70960","70960","70960","0.6950500011444092","0.6950500011444092","0.6950500011444092"
"114","71588","71588","71588","0.7294999957084656","0.7294999957084656","0.7294999957084656","71588","71588","71588","0.6943749785423279","0.6943749785423279","0.6943749785423279"
"115","72216","72216","72216","0.7250499725341797","0.7250499725341797","0.7250499725341797","72216","72216","72216","0.6923750042915344","0.6923750042915344","0.6923750042915344"
"116","72844","72844","72844","0.7329750061035156","0.7329750061035156","0.7329750061035156","72844","72844","72844","0.7011749744415283","0.7011749744415283","0.7011749744415283"
"117","73472","73472","73472","0.7345249652862549","0.7345249652862549","0.7345249652862549","73472","73472","73472","0.7036499977111816","0.7036499977111816","0.7036499977111816"
"118","74100","74100","74100","0.7336750030517578","0.7336750030517578","0.7336750030517578","74100","74100","74100","0.7037999629974365","0.7037999629974365","0.7037999629974365"
"119","74728","74728","74728","0.7375499606132507","0.7375499606132507","0.7375499606132507","74728","74728","74728","0.7057999968528748","0.7057999968528748","0.7057999968528748"
"120","75356","75356","75356","0.7407249808311462","0.7407249808311462","0.7407249808311462","75356","75356","75356","0.7023249864578247","0.7023249864578247","0.7023249864578247"
"121","75984","75984","75984","0.7389000058174133","0.7389000058174133","0.7389000058174133","75984","75984","75984","0.7097749710083008","0.7097749710083008","0.7097749710083008"
"122","76612","76612","76612","0.7412749528884888","0.7412749528884888","0.7412749528884888","76612","76612","76612","0.7101500034332275","0.7101500034332275","0.7101500034332275"
"123","77240","77240","77240","0.7410749793052673","0.7410749793052673","0.7410749793052673","77240","77240","77240","0.7113499641418457","0.7113499641418457","0.7113499641418457"
"124","77868","77868","77868","0.7435500025749207","0.7435500025749207","0.7435500025749207","77868","77868","77868","0.7185750007629395","0.7185750007629395","0.7185750007629395"
"125","78496","78496","78496","0.7468499541282654","0.7468499541282654","0.7468499541282654","78496","78496","78496","0.7207750082015991","0.7207750082015991","0.7207750082015991"
"126","79124","79124","79124","0.7524999976158142","0.7524999976158142","0.7524999976158142","79124","79124","79124","0.7230499982833862","0.7230499982833862","0.7230499982833862"
"127","79752","79752","79752","0.7540499567985535","0.7540499567985535","0.7540499567985535","79752","79752","79752","0.7174249887466431","0.7174249887466431","0.7174249887466431"
"128","80380","80380","80380","0.7452999949455261","0.7452999949455261","0.7452999949455261","80380","80380","80380","0.7210999727249146","0.7210999727249146","0.7210999727249146"
"129","81008","81008","81008","0.7535249590873718","0.7535249590873718","0.7535249590873718","81008","81008","81008","0.7227749824523926","0.7227749824523926","0.7227749824523926"
"130","81636","81636","81636","0.7567999958992004","0.7567999958992004","0.7567999958992004","81636","81636","81636","0.7261250019073486","0.7261250019073486","0.7261250019073486"
"131","82264","82264","82264","0.7562499642372131","0.7562499642372131","0.7562499642372131","82264","82264","82264","0.7270249724388123","0.7270249724388123","0.7270249724388123"
"132","82892","82892","82892","0.7607749700546265","0.7607749700546265","0.7607749700546265","82892","82892","82892","0.7357249855995178","0.7357249855995178","0.7357249855995178"
"133","83520","83520","83520","0.7633999586105347","0.7633999586105347","0.7633999586105347","83520","83520","83520","0.7298749685287476","0.7298749685287476","0.7298749685287476"
"134","84148","84148","84148","0.7679499983787537","0.7679499983787537","0.7679499983787537","84148","84148","84148","0.7359499931335449","0.7359499931335449","0.7359499931335449"
"135","84776","84776","84776","0.7636500000953674","0.7636500000953674","0.7636500000953674","84776","84776","84776","0.7368249893188477","0.7368249893188477","0.7368249893188477"
"136","85404","85404","85404","0.7653999924659729","0.7653999924659729","0.7653999924659729","85404","85404","85404","0.739799976348877","0.739799976348877","0.739799976348877"
"137","86032","86032","86032","0.7700499892234802","0.7700499892234802","0.7700499892234802","86032","86032","86032","0.7439249753952026","0.7439249753952026","0.7439249753952026"
"138","86660","86660","86660","0.7680000066757202","0.7680000066757202","0.7680000066757202","86660","86660","86660","0.7434249520301819","0.7434249520301819","0.7434249520301819"
"139","87288","87288","87288","0.7736999988555908","0.7736999988555908","0.7736999988555908","87288","87288","87288","0.743149995803833","0.743149995803833","0.743149995803833"
"140","87916","87916","87916","0.7763499617576599","0.7763499617576599","0.7763499617576599","87916","87916","87916","0.7458499670028687","0.7458499670028687","0.7458499670028687"
"141","88544","88544","88544","0.782925009727478","0.782925009727478","0.782925009727478","88544","88544","88544","0.7513249516487122","0.7513249516487122","0.7513249516487122"
"142","89172","89172","89172","0.7820000052452087","0.7820000052452087","0.7820000052452087","89172","89172","89172","0.7558749914169312","0.7558749914169312","0.7558749914169312"
"143","89800","89800","89800","0.7815499901771545","0.7815499901771545","0.7815499901771545","89800","89800","89800","0.7544999718666077","0.7544999718666077","0.7544999718666077"
"144","90428","90428","90428","0.7826249599456787","0.7826249599456787","0.7826249599456787","90428","90428","90428","0.7571499943733215","0.7571499943733215","0.7571499943733215"
"145","91056","91056","91056","0.783549964427948","0.783549964427948","0.783549964427948","91056","91056","91056","0.7651249766349792","0.7651249766349792","0.7651249766349792"
"146","91684","91684","91684","0.7847999930381775","0.7847999930381775","0.7847999930381775","91684","91684","91684","0.7590000033378601","0.7590000033378601","0.7590000033378601"
"147","92312","92312","92312","0.7924000024795532","0.7924000024795532","0.7924000024795532","92312","92312","92312","0.7624749541282654","0.7624749541282654","0.7624749541282654"
"148","92940","92940","92940","0.7963999509811401","0.7963999509811401","0.7963999509811401","92940","92940","92940","0.7627750039100647","0.7627750039100647","0.7627750039100647"
"149","93568","93568","93568","0.7899749875068665","0.7899749875068665","0.7899749875068665","93568","93568","93568","0.7699999809265137","0.7699999809265137","0.7699999809265137"
"150","94196","94196","94196","0.7913749814033508","0.7913749814033508","0.7913749814033508","94196","94196","94196","0.7754499912261963","0.7754499912261963","0.7754499912261963"
"151","94824","94824","94824","0.8026999831199646","0.8026999831199646","0.8026999831199646","94824","94824","94824","0.7719749808311462","0.7719749808311462","0.7719749808311462"
"152","95452","95452","95452","0.8061249852180481","0.8061249852180481","0.8061249852180481","95452","95452","95452","0.7761249542236328","0.7761249542236328","0.7761249542236328"
"153","96080","96080","96080","0.8044999837875366","0.8044999837875366","0.8044999837875366","96080","96080","96080","0.7766249775886536","0.7766249775886536","0.7766249775886536"
"154","96708","96708","96708","0.8073999881744385","0.8073999881744385","0.8073999881744385","96708","96708","96708","0.781499981880188","0.781499981880188","0.781499981880188"
"155","97336","97336","97336","0.8085249662399292","0.8085249662399292","0.8085249662399292","97336","97336","97336","0.7807499766349792","0.7807499766349792","0.7807499766349792"
"156","97964","97964","97964","0.8082000017166138","0.8082000017166138","0.8082000017166138","97964","97964","97964","0.7851749658584595","0.7851749658584595","0.7851749658584595"
"157","98592","98592","98592","0.8172000050544739","0.8172000050544739","0.8172000050544739","98592","98592","98592","0.7895500063896179","0.7895500063896179","0.7895500063896179"
"158","99220","99220","99220","0.8129499554634094","0.8129499554634094","0.8129499554634094","99220","99220","99220","0.7913249731063843","0.7913249731063843","0.7913249731063843"
"159","99848","99848","99848","0.8180750012397766","0.8180750012397766","0.8180750012397766","99848","99848","99848","0.7945749759674072","0.7945749759674072","0.7945749759674072"
"160","100476","100476","100476","0.8187749981880188","0.8187749981880188","0.8187749981880188","100476","100476","100476","0.7972999811172485","0.7972999811172485","0.7972999811172485"
"161","101104","101104","101104","0.8196749687194824","0.8196749687194824","0.8196749687194824","101104","101104","101104","0.7990750074386597","0.7990750074386597","0.7990750074386597"
"162","101732","101732","101732","0.8259750008583069","0.8259750008583069","0.8259750008583069","101732","101732","101732","0.8030499815940857","0.8030499815940857","0.8030499815940857"
"163","102360","102360","102360","0.8289999961853027","0.8289999961853027","0.8289999961853027","102360","102360","102360","0.802424967288971","0.802424967288971","0.802424967288971"
"164","102988","102988","102988","0.8248999714851379","0.8248999714851379","0.8248999714851379","102988","102988","102988","0.8089249730110168","0.8089249730110168","0.8089249730110168"
"165","103616","103616","103616","0.8311749696731567","0.8311749696731567","0.8311749696731567","103616","103616","103616","0.8050999641418457","0.8050999641418457","0.8050999641418457"
"166","104244","104244","104244","0.8316499590873718","0.8316499590873718","0.8316499590873718","104244","104244","104244","0.8094750046730042","0.8094750046730042","0.8094750046730042"
"167","104872","104872","104872","0.8366000056266785","0.8366000056266785","0.8366000056266785","104872","104872","104872","0.8124749660491943","0.8124749660491943","0.8124749660491943"
"168","105500","105500","105500","0.8352499604225159","0.8352499604225159","0.8352499604225159","105500","105500","105500","0.8173999786376953","0.8173999786376953","0.8173999786376953"
"169","106128","106128","106128","0.8423749804496765","0.8423749804496765","0.8423749804496765","106128","106128","106128","0.8218500018119812","0.8218500018119812","0.8218500018119812"
"170","106756","106756","106756","0.8467499613761902","0.8467499613761902","0.8467499613761902","106756","106756","106756","0.8232249617576599","0.8232249617576599","0.8232249617576599"
"171","107384","107384","107384","0.8523249626159668","0.8523249626159668","0.8523249626159668","107384","107384","107384","0.8251999616622925","0.8251999616622925","0.8251999616622925"
"172","108012","108012","108012","0.8516499996185303","0.8516499996185303","0.8516499996185303","108012","108012","108012","0.8238250017166138","0.8238250017166138","0.8238250017166138"
"173","108640","108640","108640","0.8482249975204468","0.8482249975204468","0.8482249975204468","108640","108640","108640","0.830424964427948","0.830424964427948","0.830424964427948"
"174","109268","109268","109268","0.850849986076355","0.850849986076355","0.850849986076355","109268","109268","109268","0.8303499817848206","0.8303499817848206","0.8303499817848206"
"175","109896","109896","109896","0.8575999736785889","0.8575999736785889","0.8575999736785889","109896","109896","109896","0.839074969291687","0.839074969291687","0.839074969291687"
"176","110524","110524","110524","0.8592499494552612","0.8592499494552612","0.8592499494552612","110524","110524","110524","0.8388749957084656","0.8388749957084656","0.8388749957084656"
"177","111152","111152","111152","0.8590499758720398","0.8590499758720398","0.8590499758720398","111152","111152","111152","0.836775004863739","0.836775004863739","0.836775004863739"
"178","111780","111780","111780","0.8671749830245972","0.8671749830245972","0.8671749830245972","111780","111780","111780","0.8428499698638916","0.8428499698638916","0.8428499698638916"
"179","112408","112408","112408","0.8658999800682068","0.8658999800682068","0.8658999800682068","112408","112408","112408","0.8511499762535095","0.8511499762535095","0.8511499762535095"
"180","113036","113036","113036","0.8671499490737915","0.8671499490737915","0.8671499490737915","113036","113036","113036","0.8495749831199646","0.8495749831199646","0.8495749831199646"
"181","113664","113664","113664","0.8762750029563904","0.8762750029563904","0.8762750029563904","113664","113664","113664","0.8494249582290649","0.8494249582290649","0.8494249582290649"
"182","114292","114292","114292","0.8724499940872192","0.8724499940872192","0.8724499940872192","114292","114292","114292","0.8475749492645264","0.8475749492645264","0.8475749492645264"
"183","114920","114920","114920","0.883899986743927","0.883899986743927","0.883899986743927","114920","114920","114920","0.8572999835014343","0.8572999835014343","0.8572999835014343"
"184","115548","115548","115548","0.8810499906539917","0.8810499906539917","0.8810499906539917","115548","115548","115548","0.8611499667167664","0.8611499667167664","0.8611499667167664"
"185","116176","116176","116176","0.8825749754905701","0.8825749754905701","0.8825749754905701","116176","116176","116176","0.8626749515533447","0.8626749515533447","0.8626749515533447"
"186","116804","116804","116804","0.8868999481201172","0.8868999481201172","0.8868999481201172","116804","116804","116804","0.8617500066757202","0.8617500066757202","0.8617500066757202"
"187","117432","117432","117432","0.8909499645233154","0.8909499645233154","0.8909499645233154","117432","117432","117432","0.866225004196167","0.866225004196167","0.866225004196167"
"188","118060","118060","118060","0.8934499621391296","0.8934499621391296","0.8934499621391296","118060","118060","118060","0.8699749708175659","0.8699749708175659","0.8699749708175659"
"189","118688","118688","118688","0.8910499811172485","0.8910499811172485","0.8910499811172485","118688","118688","118688","0.8678249716758728","0.8678249716758728","0.8678249716758728"
"190","119316","119316","119316","0.8941749930381775","0.8941749930381775","0.8941749930381775","119316","119316","119316","0.8711499571800232","0.8711499571800232","0.8711499571800232"
"191","119944","119944","119944","0.8975249528884888","0.8975249528884888","0.8975249528884888","119944","119944","119944","0.877299964427948","0.877299964427948","0.877299964427948"
"192","120572","120572","120572","0.9005499482154846","0.9005499482154846","0.9005499482154846","120572","120572","120572","0.8793500065803528","0.8793500065803528","0.8793500065803528"
"193","121200","121200","121200","0.899524986743927","0.899524986743927","0.899524986743927","121200","121200","121200","0.8806749582290649","0.8806749582290649","0.8806749582290649"
"194","121828","121828","121828","0.9035750031471252","0.9035750031471252","0.9035750031471252","121828","121828","121828","0.8876999616622925","0.8876999616622925","0.8876999616622925"
"195","122456","122456","122456","0.9078999757766724","0.9078999757766724","0.9078999757766724","122456","122456","122456","0.8863250017166138","0.8863250017166138","0.8863250017166138"
"196","123084","123084","123084","0.9106249809265137","0.9106249809265137","0.9106249809265137","123084","123084","123084","0.8892999887466431","0.8892999887466431","0.8892999887466431"
"197","123712","123712","123712","0.9167499542236328","0.9167499542236328","0.9167499542236328","123712","123712","123712","0.8916999697685242","0.8916999697685242","0.8916999697685242"
"198","124340","124340","124340","0.9171499609947205","0.9171499609947205","0.9171499609947205","124340","124340","124340","0.8940249681472778","0.8940249681472778","0.8940249681472778"
"199","124968","124968","124968","0.9214249849319458","0.9214249849319458","0.9214249849319458","124968","124968","124968","0.8961499929428101","0.8961499929428101","0.8961499929428101"
"200","125596","125596","125596","0.9207499623298645","0.9207499623298645","0.9207499623298645","125596","125596","125596","0.89677494764328","0.89677494764328","0.89677494764328"
"201","126224","126224","126224","0.9234249591827393","0.9234249591827393","0.9234249591827393","126224","126224","126224","0.901075005531311","0.901075005531311","0.901075005531311"
"202","126852","126852","126852","0.9261499643325806","0.9261499643325806","0.9261499643325806","126852","126852","126852","0.9020999670028687","0.9020999670028687","0.9020999670028687"
"203","127480","127480","127480","0.929224967956543","0.929224967956543","0.929224967956543","127480","127480","127480","0.9059749841690063","0.9059749841690063","0.9059749841690063"
"204","128108","128108","128108","0.9330250024795532","0.9330250024795532","0.9330250024795532","128108","128108","128108","0.911424994468689","0.911424994468689","0.911424994468689"
"205","128736","128736","128736","0.9373499751091003","0.9373499751091003","0.9373499751091003","128736","128736","128736","0.9100250005722046","0.9100250005722046","0.9100250005722046"
"206","129364","129364","129364","0.9338499903678894","0.9338499903678894","0.9338499903678894","129364","129364","129364","0.9141249656677246","0.9141249656677246","0.9141249656677246"
"207","129992","129992","129992","0.939674973487854","0.939674973487854","0.939674973487854","129992","129992","129992","0.9167499542236328","0.9167499542236328","0.9167499542236328"
"208","130620","130620","130620","0.9395999908447266","0.9395999908447266","0.9395999908447266","130620","130620","130620","0.92044997215271","0.92044997215271","0.92044997215271"
"209","131248","131248","131248","0.9449249505996704","0.9449249505996704","0.9449249505996704","131248","131248","131248","0.9196999669075012","0.9196999669075012","0.9196999669075012"
"210","131876","131876","131876","0.9449499845504761","0.9449499845504761","0.9449499845504761","131876","131876","131876","0.9229499697685242","0.9229499697685242","0.9229499697685242"
"211","132504","132504","132504","0.9502750039100647","0.9502750039100647","0.9502750039100647","132504","132504","132504","0.9221499562263489","0.9221499562263489","0.9221499562263489"
"212","133132","133132","133132","0.9527750015258789","0.9527750015258789","0.9527750015258789","133132","133132","133132","0.9290499687194824","0.9290499687194824","0.9290499687194824"
"213","133760","133760","133760","0.9574999809265137","0.9574999809265137","0.9574999809265137","133760","133760","133760","0.9289499521255493","0.9289499521255493","0.9289499521255493"
"214","134388","134388","134388","0.9595749974250793","0.9595749974250793","0.9595749974250793","134388","134388","134388","0.9351999759674072","0.9351999759674072","0.9351999759674072"
"215","135016","135016","135016","0.9594999551773071","0.9594999551773071","0.9594999551773071","135016","135016","135016","0.9354499578475952","0.9354499578475952","0.9354499578475952"
"216","135644","135644","135644","0.9639999866485596","0.9639999866485596","0.9639999866485596","135644","135644","135644","0.9364749789237976","0.9364749789237976","0.9364749789237976"
"217","136272","136272","136272","0.9641499519348145","0.9641499519348145","0.9641499519348145","136272","136272","136272","0.9381499886512756","0.9381499886512756","0.9381499886512756"
"218","136900","136900","136900","0.9662999510765076","0.9662999510765076","0.9662999510765076","136900","136900","136900","0.9396249651908875","0.9396249651908875","0.9396249651908875"
"219","137528","137528","137528","0.9653499722480774","0.9653499722480774","0.9653499722480774","137528","137528","137528","0.9429999589920044","0.9429999589920044","0.9429999589920044"
"220","138156","138156","138156","0.9690249562263489","0.9690249562263489","0.9690249562263489","138156","138156","138156","0.9452749490737915","0.9452749490737915","0.9452749490737915"
"221","138784","138784","138784","0.9721499681472778","0.9721499681472778","0.9721499681472778","138784","138784","138784","0.9461249709129333","0.9461249709129333","0.9461249709129333"
"222","139412","139412","139412","0.9745000004768372","0.9745000004768372","0.9745000004768372","139412","139412","139412","0.9478999972343445","0.9478999972343445","0.9478999972343445"
"223","140040","140040","140040","0.9764750003814697","0.9764750003814697","0.9764750003814697","140040","140040","140040","0.9490749835968018","0.9490749835968018","0.9490749835968018"
"224","140668","140668","140668","0.9788499474525452","0.9788499474525452","0.9788499474525452","140668","140668","140668","0.9554499983787537","0.9554499983787537","0.9554499983787537"
"225","141296","141296","141296","0.9798499941825867","0.9798499941825867","0.9798499941825867","141296","141296","141296","0.9552499651908875","0.9552499651908875","0.9552499651908875"
"226","141924","141924","141924","0.9805999994277954","0.9805999994277954","0.9805999994277954","141924","141924","141924","0.9549999833106995","0.9549999833106995","0.9549999833106995"
"227","142552","142552","142552","0.981124997138977","0.981124997138977","0.981124997138977","142552","142552","142552","0.9563249945640564","0.9563249945640564","0.9563249945640564"
"228","143180","143180","143180","0.9827249646186829","0.9827249646186829","0.9827249646186829","143180","143180","143180","0.9598999619483948","0.9598999619483948","0.9598999619483948"
"229","143808","143808","143808","0.9840499758720398","0.9840499758720398","0.9840499758720398","143808","143808","143808","0.9591249823570251","0.9591249823570251","0.9591249823570251"
"230","144436","144436","144436","0.9862749576568604","0.9862749576568604","0.9862749576568604","144436","144436","144436","0.9614749550819397","0.9614749550819397","0.9614749550819397"
"231","145064","145064","145064","0.988224983215332","0.988224983215332","0.988224983215332","145064","145064","145064","0.9636749625205994","0.9636749625205994","0.9636749625205994"
"232","145692","145692","145692","0.988224983215332","0.988224983215332","0.988224983215332","145692","145692","145692","0.965399980545044","0.965399980545044","0.965399980545044"
"233","146320","146320","146320","0.9891999959945679","0.9891999959945679","0.9891999959945679","146320","146320","146320","0.96732497215271","0.96732497215271","0.96732497215271"
"234","146948","146948","146948","0.9884249567985535","0.9884249567985535","0.9884249567985535","146948","146948","146948","0.9668749570846558","0.9668749570846558","0.9668749570846558"
"235","147576","147576","147576","0.991349995136261","0.991349995136261","0.991349995136261","147576","147576","147576","0.9702249765396118","0.9702249765396118","0.9702249765396118"
"236","148204","148204","148204","0.9923749566078186","0.9923749566078186","0.9923749566078186","148204","148204","148204","0.9716500043869019","0.9716500043869019","0.9716500043869019"
"237","148832","148832","148832","0.9928749799728394","0.9928749799728394","0.9928749799728394","148832","148832","148832","0.9722999930381775","0.9722999930381775","0.9722999930381775"
"238","149460","149460","149460","0.9941499829292297","0.9941499829292297","0.9941499829292297","149460","149460","149460","0.9741249680519104","0.9741249680519104","0.9741249680519104"
"239","150088","150088","150088","0.9932499527931213","0.9932499527931213","0.9932499527931213","150088","150088","150088","0.9752999544143677","0.9752999544143677","0.9752999544143677"
"240","150716","150716","150716","0.9949999451637268","0.9949999451637268","0.9949999451637268","150716","150716","150716","0.9754250049591064","0.9754250049591064","0.9754250049591064"
"241","151344","151344","151344","0.9949749708175659","0.9949749708175659","0.9949749708175659","151344","151344","151344","0.9771249890327454","0.9771249890327454","0.9771249890327454"
"242","151972","151972","151972","0.9956499934196472","0.9956499934196472","0.9956499934196472","151972","151972","151972","0.9788999557495117","0.9788999557495117","0.9788999557495117"
"243","152600","152600","152600","0.9955499768257141","0.9955499768257141","0.9955499768257141","152600","152600","152600","0.9788749814033508","0.9788749814033508","0.9788749814033508"
"244","153228","153228","153228","0.9960500001907349","0.9960500001907349","0.9960500001907349","153228","153228","153228","0.9786249995231628","0.9786249995231628","0.9786249995231628"
"245","153856","153856","153856","0.9963749647140503","0.9963749647140503","0.9963749647140503","153856","153856","153856","0.9804999828338623","0.9804999828338623","0.9804999828338623"
"246","154484","154484","154484","0.9960999488830566","0.9960999488830566","0.9960999488830566","154484","154484","154484","0.9803999662399292","0.9803999662399292","0.9803999662399292"
"247","155112","155112","155112","0.9964749813079834","0.9964749813079834","0.9964749813079834","155112","155112","155112","0.980774998664856","0.980774998664856","0.980774998664856"
"248","155740","155740","155740","0.99652498960495","0.99652498960495","0.99652498960495","155740","155740","155740","0.983074963092804","0.983074963092804","0.983074963092804"
"249","156368","156368","156368","0.9964499473571777","0.9964499473571777","0.9964499473571777","156368","156368","156368","0.9838749766349792","0.9838749766349792","0.9838749766349792"
"250","156996","156996","156996","0.996649980545044","0.996649980545044","0.996649980545044","156996","156996","156996","0.9851999878883362","0.9851999878883362","0.9851999878883362"
"251","157624","157624","157624","0.9967749714851379","0.9967749714851379","0.9967749714851379","157624","157624","157624","0.9859749674797058","0.9859749674797058","0.9859749674797058"
"252","158252","158252","158252","0.9967999458312988","0.9967999458312988","0.9967999458312988","158252","158252","158252","0.9857749938964844","0.9857749938964844","0.9857749938964844"
"253","158880","158880","158880","0.9971500039100647","0.9971500039100647","0.9971500039100647","158880","158880","158880","0.9878249764442444","0.9878249764442444","0.9878249764442444"
"254","159508","159508","159508","0.9971999526023865","0.9971999526023865","0.9971999526023865","159508","159508","159508","0.9884249567985535","0.9884249567985535","0.9884249567985535"
"255","160136","160136","160136","0.9970749616622925","0.9970749616622925","0.9970749616622925","160136","160136","160136","0.9882999658584595","0.9882999658584595","0.9882999658584595"
"256","160764","160764","160764","0.9974499940872192","0.9974499940872192","0.9974499940872192","160764","160764","160764","0.988724946975708","0.988724946975708","0.988724946975708"
"257","161392","161392","161392","0.997374951839447","0.997374951839447","0.997374951839447","161392","161392","161392","0.9885249733924866","0.9885249733924866","0.9885249733924866"
"258","162020","162020","162020","0.9970249533653259","0.9970249533653259","0.9970249533653259","162020","162020","162020","0.9896000027656555","0.9896000027656555","0.9896000027656555"
"259","162648","162648","162648","0.9975249767303467","0.9975249767303467","0.9975249767303467","162648","162648","162648","0.9899749755859375","0.9899749755859375","0.9899749755859375"
"260","163276","163276","163276","0.9971749782562256","0.9971749782562256","0.9971749782562256","163276","163276","163276","0.9903499484062195","0.9903499484062195","0.9903499484062195"
"261","163904","163904","163904","0.9974749684333801","0.9974749684333801","0.9974749684333801","163904","163904","163904","0.9908749461174011","0.9908749461174011","0.9908749461174011"
"262","164532","164532","164532","0.9976249933242798","0.9976249933242798","0.9976249933242798","164532","164532","164532","0.9914999604225159","0.9914999604225159","0.9914999604225159"
"263","165160","165160","165160","0.9976499676704407","0.9976499676704407","0.9976499676704407","165160","165160","165160","0.9916499853134155","0.9916499853134155","0.9916499853134155"
"264","165788","165788","165788","0.9976750016212463","0.9976750016212463","0.9976750016212463","165788","165788","165788","0.9925499558448792","0.9925499558448792","0.9925499558448792"
"265","166416","166416","166416","0.9975499510765076","0.9975499510765076","0.9975499510765076","166416","166416","166416","0.9920749664306641","0.9920749664306641","0.9920749664306641"
"266","167044","167044","167044","0.9978749752044678","0.9978749752044678","0.9978749752044678","167044","167044","167044","0.9919499754905701","0.9919499754905701","0.9919499754905701"
"267","167672","167672","167672","0.9977499842643738","0.9977499842643738","0.9977499842643738","167672","167672","167672","0.9923999905586243","0.9923999905586243","0.9923999905586243"
"268","168300","168300","168300","0.9976999759674072","0.9976999759674072","0.9976999759674072","168300","168300","168300","0.993274986743927","0.993274986743927","0.993274986743927"
"269","168928","168928","168928","0.9975249767303467","0.9975249767303467","0.9975249767303467","168928","168928","168928","0.9930999875068665","0.9930999875068665","0.9930999875068665"
"270","169556","169556","169556","0.9977249503135681","0.9977249503135681","0.9977249503135681","169556","169556","169556","0.9935999512672424","0.9935999512672424","0.9935999512672424"
"271","170184","170184","170184","0.9977749586105347","0.9977749586105347","0.9977749586105347","170184","170184","170184","0.9932249784469604","0.9932249784469604","0.9932249784469604"
"272","170812","170812","170812","0.9977999925613403","0.9977999925613403","0.9977999925613403","170812","170812","170812","0.9935500025749207","0.9935500025749207","0.9935500025749207"
"273","171440","171440","171440","0.9978500008583069","0.9978500008583069","0.9978500008583069","171440","171440","171440","0.9943249821662903","0.9943249821662903","0.9943249821662903"
"274","172068","172068","172068","0.9978249669075012","0.9978249669075012","0.9978249669075012","172068","172068","172068","0.9936249852180481","0.9936249852180481","0.9936249852180481"
"275","172696","172696","172696","0.9977999925613403","0.9977999925613403","0.9977999925613403","172696","172696","172696","0.993399977684021","0.993399977684021","0.993399977684021"
"276","173324","173324","173324","0.9979249835014343","0.9979249835014343","0.9979249835014343","173324","173324","173324","0.9946999549865723","0.9946999549865723","0.9946999549865723"
"277","173952","173952","173952","0.9977749586105347","0.9977749586105347","0.9977749586105347","173952","173952","173952","0.9944999814033508","0.9944999814033508","0.9944999814033508"
"278","174580","174580","174580","0.9979499578475952","0.9979499578475952","0.9979499578475952","174580","174580","174580","0.9940750002861023","0.9940750002861023","0.9940750002861023"
"279","175208","175208","175208","0.9978999495506287","0.9978999495506287","0.9978999495506287","175208","175208","175208","0.9942499995231628","0.9942499995231628","0.9942499995231628"
"280","175836","175836","175836","0.9978749752044678","0.9978749752044678","0.9978749752044678","175836","175836","175836","0.9944249987602234","0.9944249987602234","0.9944249987602234"
"281","176464","176464","176464","0.9978749752044678","0.9978749752044678","0.9978749752044678","176464","176464","176464","0.9950499534606934","0.9950499534606934","0.9950499534606934"
"282","177092","177092","177092","0.9979499578475952","0.9979499578475952","0.9979499578475952","177092","177092","177092","0.9954249858856201","0.9954249858856201","0.9954249858856201"
"283","177720","177720","177720","0.9978500008583069","0.9978500008583069","0.9978500008583069","177720","177720","177720","0.9947749972343445","0.9947749972343445","0.9947749972343445"
"284","178348","178348","178348","0.9979499578475952","0.9979499578475952","0.9979499578475952","178348","178348","178348","0.9951249957084656","0.9951249957084656","0.9951249957084656"
"285","178976","178976","178976","0.9979249835014343","0.9979249835014343","0.9979249835014343","178976","178976","178976","0.9947999715805054","0.9947999715805054","0.9947999715805054"
"286","179604","179604","179604","0.9977999925613403","0.9977999925613403","0.9977999925613403","179604","179604","179604","0.9951750040054321","0.9951750040054321","0.9951750040054321"
"287","180232","180232","180232","0.9979749917984009","0.9979749917984009","0.9979749917984009","180232","180232","180232","0.9950499534606934","0.9950499534606934","0.9950499534606934"
"288","180860","180860","180860","0.9979249835014343","0.9979249835014343","0.9979249835014343","180860","180860","180860","0.9947749972343445","0.9947749972343445","0.9947749972343445"
"289","181488","181488","181488","0.9978500008583069","0.9978500008583069","0.9978500008583069","181488","181488","181488","0.9950249791145325","0.9950249791145325","0.9950249791145325"
"290","182116","182116","182116","0.9981499910354614","0.9981499910354614","0.9981499910354614","182116","182116","182116","0.9951499700546265","0.9951499700546265","0.9951499700546265"
"291","182744","182744","182744","0.9977999925613403","0.9977999925613403","0.9977999925613403","182744","182744","182744","0.9954999685287476","0.9954999685287476","0.9954999685287476"
"292","183372","183372","183372","0.9980250000953674","0.9980250000953674","0.9980250000953674","183372","183372","183372","0.9955499768257141","0.9955499768257141","0.9955499768257141"
"293","184000","184000","184000","0.9977999925613403","0.9977999925613403","0.9977999925613403","184000","184000","184000","0.995074987411499","0.995074987411499","0.995074987411499"
"294","184628","184628","184628","0.9981249570846558","0.9981249570846558","0.9981249570846558","184628","184628","184628","0.9956499934196472","0.9956499934196472","0.9956499934196472"
"295","185256","185256","185256","0.9979749917984009","0.9979749917984009","0.9979749917984009","185256","185256","185256","0.9951750040054321","0.9951750040054321","0.9951750040054321"
"296","185884","185884","185884","0.9981499910354614","0.9981499910354614","0.9981499910354614","185884","185884","185884","0.995574951171875","0.995574951171875","0.995574951171875"
"297","186512","186512","186512","0.9979999661445618","0.9979999661445618","0.9979999661445618","186512","186512","186512","0.995449960231781","0.995449960231781","0.995449960231781"
"298","187140","187140","187140","0.9978999495506287","0.9978999495506287","0.9978999495506287","187140","187140","187140","0.9953500032424927","0.9953500032424927","0.9953500032424927"
"299","187768","187768","187768","0.9978749752044678","0.9978749752044678","0.9978749752044678","187768","187768","187768","0.9952999949455261","0.9952999949455261","0.9952999949455261"
"300","188396","188396","188396","0.9978249669075012","0.9978249669075012","0.9978249669075012","188396","188396","188396","0.9955250024795532","0.9955250024795532","0.9955250024795532"